time_s,reference_position_m,current_position_m
0.020136,0.000000,0.000000
0.030364,0.000000,0.000000
0.040142,0.000000,0.000000
0.050082,0.000000,0.000000
0.060130,0.000000,0.000000
0.070134,0.000000,0.000000
0.080439,0.000000,0.000000
0.090133,0.000000,0.000000
0.100079,0.000000,0.000000
0.110187,0.000000,0.000000
0.120089,0.000000,0.000000
0.130224,0.000000,0.000000
0.140432,0.000000,0.000000
0.150096,0.000000,0.000000
0.160132,0.000000,0.000000
0.170033,0.000000,0.000000
0.180141,0.000000,0.000000
0.190068,0.000000,0.000000
0.200095,0.000000,0.000000
0.210128,0.000000,0.000000
0.220130,0.000000,0.000000
0.230091,0.000000,0.000000
0.240157,0.000000,0.000000
0.250056,0.000000,0.000000
0.260134,0.000000,0.000000
0.270099,0.000000,0.000000
0.280096,0.000000,0.000000
0.290146,0.000000,0.000000
0.300071,0.000000,0.000000
0.310139,0.000000,0.000000
0.320122,0.000000,0.000000
0.330139,0.000000,0.000000
0.340084,0.000000,0.000000
0.351111,0.000000,0.000000
0.360129,0.000000,0.000000
0.370408,0.000000,0.000000
0.380342,0.000000,0.000000
0.390173,0.000000,0.000000
0.400091,0.000000,0.000000
0.410131,0.000000,0.000000
0.420159,0.000000,0.000000
0.430128,0.000000,0.000000
0.440139,0.000000,0.000000
0.450096,0.000000,0.000000
0.460223,0.000000,0.000000
0.470110,0.000000,0.000000
0.480294,0.000000,0.000000
0.490132,0.000000,0.000000
0.500073,0.000000,0.000000
0.510115,0.000000,0.000000
0.520346,0.000000,0.000000
0.530176,0.000000,0.000000
0.540107,0.000000,0.000000
0.550119,0.000000,0.000000
0.560259,0.000000,0.000000
0.570216,0.000000,0.000000
0.580246,0.000000,0.000000
0.590289,0.000000,0.000000
0.600283,0.000000,0.000000
0.610135,0.000000,0.000000
0.620145,0.000000,0.000000
0.630201,0.000000,0.000000
0.640093,0.000000,0.000000
0.650284,0.000000,0.000000
0.660462,0.000000,0.000000
0.670516,0.000000,0.000000
0.680223,0.000000,0.000000
0.690320,0.000000,0.000000
0.700088,0.000000,0.000000
0.710084,0.000000,0.000000
0.720090,0.000000,0.000000
0.730139,0.000000,0.000000
0.740090,0.000000,0.000000
0.750111,0.000000,0.000000
0.760073,0.000000,0.000000
0.770104,0.000000,0.000000
0.780268,0.000000,0.000000
0.790390,0.000000,0.000000
0.800102,0.000000,0.000000
0.810174,0.000000,0.000000
0.820269,0.000000,0.000000
0.830139,0.000000,0.000000
0.840227,0.000000,0.000000
0.850187,0.000000,0.000000
0.860082,0.000000,0.000000
0.870128,0.000000,0.000000
0.880101,0.000000,0.000000
0.890144,0.000000,0.000000
0.900129,0.000000,0.000000
0.910507,0.000000,0.000000
0.920371,0.000000,0.000000
0.930252,0.000000,0.000000
0.940186,0.000000,0.000000
0.950158,0.000000,0.000000
0.960107,0.000000,0.000000
0.970137,0.000000,0.000000
0.980120,0.000000,0.000000
0.990239,0.000000,0.000000
1.000147,0.000000,0.000000
1.010296,0.000000,0.000000
1.020106,0.000000,0.000000
1.030138,0.000000,0.000000
1.040111,0.000000,0.000000
1.050144,0.000000,0.000000
1.060210,0.000000,0.000000
1.070126,0.000000,0.000000
1.080115,0.000000,0.000000
1.090448,0.000000,0.000000
1.100371,0.000000,0.000000
1.110118,0.000000,0.000000
1.120108,0.000000,0.000000
1.130138,0.000000,0.000000
1.140132,0.000000,0.000000
1.150168,0.000000,0.000000
1.160240,0.000000,0.000000
1.170172,0.000000,0.000000
1.180408,0.000000,0.000000
1.190201,0.000000,0.000000
1.200079,0.000000,0.000000
1.210141,0.000000,0.000000
1.220197,0.000000,0.000000
1.230317,0.000000,0.000000
1.240046,0.000000,0.000000
1.250123,0.000000,0.000000
1.260231,0.000000,0.000000
1.270786,0.000000,0.000000
1.280120,0.000000,0.000000
1.290161,0.000000,0.000000
1.300221,0.000000,0.000000
1.310333,0.000000,0.000000
1.320236,0.000000,0.000000
1.330167,0.000000,0.000000
1.340300,0.000000,0.000000
1.350093,0.000000,0.000000
1.360180,0.000000,0.000000
1.370277,0.000000,0.000000
1.380350,0.000000,0.000000
1.390146,0.000000,0.000000
1.400127,0.000000,0.000000
1.410605,0.000000,0.000000
1.420114,0.000000,0.000000
1.430077,0.000000,0.000000
1.440158,0.000000,0.000000
1.450253,0.000000,0.000000
1.460229,0.000000,0.000000
1.470339,0.000000,0.000000
1.480225,0.000000,0.000000
1.490238,0.000000,0.000000
1.500171,0.000000,0.000000
1.510052,0.000000,0.000000
1.520090,0.000000,0.000000
1.530176,0.000000,0.000000
1.540120,0.000000,0.000000
1.550131,0.000000,0.000000
1.560091,0.000000,0.000000
1.570491,0.000000,0.000000
1.580128,0.000000,0.000000
1.590126,0.000000,0.000000
1.600089,0.000000,0.000000
1.610139,0.000000,0.000000
1.620160,0.000000,0.000000
1.630077,0.000000,0.000000
1.640200,0.000000,0.000000
1.650113,0.000000,0.000000
1.660137,0.000000,0.000000
1.670111,0.000000,0.000000
1.680252,0.000000,0.000000
1.690078,0.000000,0.000000
1.700322,0.000000,0.000000
1.710176,0.000000,0.000000
1.720074,0.000000,0.000000
1.730083,0.000000,0.000000
1.740077,0.000000,0.000000
1.750101,0.000000,0.000000
1.760111,0.000000,0.000000
1.770080,0.000000,0.000000
1.780122,0.000000,0.000000
1.790054,0.000000,0.000000
1.800138,0.000000,0.000000
1.810045,0.000000,0.000000
1.820151,0.000000,0.000000
1.830082,0.000000,0.000000
1.840122,0.000000,0.000000
1.850094,0.000000,0.000000
1.860079,0.000000,0.000000
1.870390,0.000000,0.000000
1.880185,0.000000,0.000000
1.890244,0.000000,0.000000
1.900138,0.000000,0.000000
1.910351,0.000000,0.000000
1.920518,0.000000,0.000000
1.930166,0.000000,0.000000
1.940123,0.000000,0.000000
1.950083,0.000000,0.000000
1.960141,0.000000,0.000000
1.970261,0.000000,0.000000
1.980107,0.000000,0.000000
1.990091,0.000000,0.000000
2.000042,0.000000,0.000000
2.010154,0.000000,0.000000
2.020711,0.000000,0.000000
2.030179,0.000000,0.000000
2.040080,0.000000,0.000000
2.050124,0.000000,0.000000
2.060084,0.000000,0.000000
2.070108,0.000000,0.000000
2.080358,0.000000,0.000000
2.090075,0.000000,0.000000
2.100163,0.000000,0.000000
2.110107,0.000000,0.000000
2.120665,0.000000,0.000000
2.130073,0.000000,0.000000
2.140079,0.000000,0.000000
2.150091,0.000000,0.000000
2.160454,0.000000,0.000000
2.170143,0.000000,0.000000
2.180100,0.000000,0.000000
2.190343,0.000000,0.000000
2.200167,0.000000,0.000000
2.210097,0.000000,0.000000
2.220118,0.000000,0.000000
2.230109,0.000000,0.000000
2.240132,0.000000,0.000000
2.250075,0.000000,0.000000
2.260149,0.000000,0.000000
2.270082,0.000000,0.000000
2.280255,0.000000,0.000000
2.290071,0.000000,0.000000
2.300174,0.000000,0.000000
2.310111,0.000000,0.000000
2.320127,0.000000,0.000000
2.330141,0.000000,0.000000
2.340103,0.000000,0.000000
2.350164,0.000000,0.000000
2.360125,0.000000,0.000000
2.370148,0.000000,0.000000
2.380155,0.000000,0.000000
2.390601,0.000000,0.000000
2.400115,0.000000,0.000000
2.410161,0.000000,0.000000
2.420405,0.000000,0.000000
2.430098,0.000000,0.000000
2.440115,0.000000,0.000000
2.450122,0.000000,0.000000
2.460327,0.000000,0.000000
2.470217,0.000000,0.000000
2.480162,0.000000,0.000000
2.490102,0.000000,0.000000
2.500143,0.000000,0.000000
2.510151,0.000000,0.000000
2.520379,0.000000,0.000000
2.530826,0.000000,0.000000
2.540423,0.000000,0.000000
2.550130,0.000000,0.000000
2.560290,0.000000,0.000000
2.570220,0.000000,0.000000
2.580081,0.000000,0.000000
2.590150,0.000000,0.000000
2.600285,0.000000,0.000000
2.610642,0.000000,0.000000
2.620299,0.000000,0.000000
2.630239,0.000000,0.000000
2.640031,0.000000,0.000000
2.650111,0.000000,0.000000
2.660125,0.000000,0.000000
2.670391,0.000000,0.000000
2.680125,0.000000,0.000000
2.690182,0.000000,0.000000
2.700438,0.000000,0.000000
2.710245,0.000000,0.000000
2.720113,0.000000,0.000000
2.730147,0.000000,0.000000
2.740243,0.000000,0.000000
2.750396,0.000000,0.000000
2.760141,0.000000,0.000000
2.770123,0.000000,0.000000
2.780536,0.000000,0.000000
2.790851,0.000000,0.000000
2.800060,0.000000,0.000000
2.810672,0.000000,0.000000
2.820579,0.000000,0.000000
2.830524,0.000000,0.000000
2.840207,0.000000,0.000000
2.850561,0.000000,0.000000
2.860399,0.000000,0.000000
2.870667,0.000000,0.000000
2.880336,0.000000,0.000000
2.890114,0.000000,0.000000
2.900073,0.000000,0.000000
2.910123,0.000000,0.000000
2.920220,0.000000,0.000000
2.930118,0.000000,0.000000
2.940124,0.000000,0.000000
2.950744,0.000000,0.000000
2.960135,0.000000,0.000000
2.970079,0.000000,0.000000
2.980085,0.000000,0.000000
2.990112,0.000000,0.000000
3.000129,0.000000,0.000000
3.010136,0.000000,0.000000
3.020085,0.000000,0.000000
3.030093,0.000000,0.000000
3.040412,0.000000,0.000000
3.050255,0.000000,0.000000
3.060429,0.000000,0.000000
3.070135,0.000000,0.000000
3.080109,0.000000,0.000000
3.090233,0.000000,0.000000
3.100106,0.000000,0.000000
3.110528,0.000000,0.000000
3.120363,0.000000,0.000000
3.130240,0.000000,0.000000
3.140044,0.000000,0.000000
3.150208,0.000000,0.000000
3.160082,0.000000,0.000000
3.170074,0.000000,0.000000
3.180186,0.000000,0.000000
3.190074,0.000000,0.000000
3.200126,0.000000,0.000000
3.210108,0.000000,0.000000
3.220122,0.000000,0.000000
3.230112,0.000000,0.000000
3.240096,0.000000,0.000000
3.250100,0.000000,0.000000
3.260105,0.000000,0.000000
3.270108,0.000000,0.000000
3.280102,0.000000,0.000000
3.290087,0.000000,0.000000
3.300650,0.000000,0.000000
3.310257,0.000000,0.000000
3.320128,0.000000,0.000000
3.330135,0.000000,0.000000
3.340117,0.000000,0.000000
3.350117,0.000000,0.000000
3.360076,0.000000,0.000000
3.370064,0.000000,0.000000
3.380095,0.000000,0.000000
3.390091,0.000000,0.000000
3.400091,0.000000,0.000000
3.410114,0.000000,0.000000
3.420183,0.000000,0.000000
3.430297,0.000000,0.000000
3.441106,0.000000,0.000000
3.450142,0.000000,0.000000
3.460284,0.000000,0.000000
3.470098,0.000000,0.000000
3.480091,0.000000,0.000000
3.490073,0.000000,0.000000
3.500118,0.000000,0.000000
3.510046,0.000000,0.000000
3.520084,0.000000,0.000000
3.530164,0.000000,0.000000
3.540350,0.000000,0.000000
3.550513,0.000000,0.000000
3.560078,0.000000,0.000000
3.570125,0.000000,0.000000
3.580089,0.000000,0.000000
3.590095,0.000000,0.000000
3.600088,0.000000,0.000000
3.610117,0.000000,0.000000
3.620662,0.000000,0.000000
3.630062,0.000000,0.000000
3.640121,0.000000,0.000000
3.650100,0.000000,0.000000
3.660127,0.000000,0.000000
3.670124,0.000000,0.000000
3.680140,0.000000,0.000000
3.690076,0.000000,0.000000
3.700113,0.000000,0.000000
3.710170,0.000000,0.000000
3.720114,0.000000,0.000000
3.730080,0.000000,0.000000
3.740127,0.000000,0.000000
3.750138,0.000000,0.000000
3.760120,0.000000,0.000000
3.770130,0.000000,0.000000
3.780308,0.000000,0.000000
3.790474,0.000000,0.000000
3.800730,0.000000,0.000000
3.810145,0.000000,0.000000
3.820145,0.000000,0.000000
3.830169,0.000000,0.000000
3.840073,0.000000,0.000000
3.850083,0.000000,0.000000
3.860225,0.000000,0.000000
3.870283,0.000000,0.000000
3.880780,0.000000,0.000000
3.890343,0.000000,0.000000
3.900420,0.000000,0.000000
3.910743,0.000000,0.000000
3.920235,0.000000,0.000000
3.930152,0.000000,0.000000
3.940092,0.000000,0.000000
3.950064,0.000000,0.000000
3.960128,0.000000,0.000000
3.970061,0.000000,0.000000
3.980038,0.000000,0.000000
3.990115,0.000000,0.000000
4.000119,0.000000,0.000000
4.010128,0.000000,0.000000
4.020125,0.000000,0.000000
4.030137,0.000000,0.000000
4.040135,0.000000,0.000000
4.050117,0.000000,0.000000
4.060042,0.000000,0.000000
4.070148,0.000000,0.000000
4.080042,0.000000,0.000000
4.090133,0.000000,0.000000
4.100067,0.000000,0.000000
4.110088,0.000000,0.000000
4.120092,0.000000,0.000000
4.130117,0.000000,0.000000
4.140121,0.000000,0.000000
4.150084,0.000000,0.000000
4.160162,0.000000,0.000000
4.170053,0.000000,0.000000
4.180104,0.000000,0.000000
4.190123,0.000000,0.000000
4.200145,0.000000,0.000000
4.210134,0.000000,0.000000
4.220788,0.000000,0.000000
4.230154,0.000000,0.000000
4.240143,0.000000,0.000000
4.250134,0.000000,0.000000
4.260149,0.000000,0.000000
4.270519,0.000000,0.000000
4.280056,0.000000,0.000000
4.290128,0.000000,0.000000
4.300111,0.000000,0.000000
4.310112,0.000000,0.000000
4.320534,0.000000,0.000000
4.330185,0.000000,0.000000
4.340162,0.000000,0.000000
4.350172,0.000000,0.000000
4.360152,0.000000,0.000000
4.370393,0.000000,0.000000
4.380115,0.000000,0.000000
4.390646,0.000000,0.000000
4.400084,0.000000,0.000000
4.410088,0.000000,0.000000
4.420133,0.000000,0.000000
4.430080,0.000000,0.000000
4.440098,0.000000,0.000000
4.450091,0.000000,0.000000
4.460397,0.000000,0.000000
4.470219,0.000000,0.000000
4.480146,0.000000,0.000000
4.490173,0.000000,0.000000
4.500105,0.000000,0.000000
4.510136,0.000000,0.000000
4.520105,0.000000,0.000000
4.530098,0.000000,0.000000
4.540093,0.000000,0.000000
4.550275,0.000000,0.000000
4.560063,0.000000,0.000000
4.570093,0.000000,0.000000
4.580214,0.000000,0.000000
4.590859,0.000000,0.000000
4.600155,0.000000,0.000000
4.610301,0.000000,0.000000
4.620347,0.000000,0.000000
4.630233,0.000000,0.000000
4.640132,0.000000,0.000000
4.650133,0.000000,0.000000
4.660230,0.000000,0.000000
4.670075,0.000000,0.000000
4.680107,0.000000,0.000000
4.690183,0.000000,0.000000
4.700092,0.000000,0.000000
4.710447,0.000000,0.000000
4.720182,0.000000,0.000000
4.730250,0.000000,0.000000
4.740412,0.000000,0.000000
4.750152,0.000000,0.000000
4.760273,0.000000,0.000000
4.770105,0.000000,0.000000
4.780141,0.000000,0.000000
4.790276,0.000000,0.000000
4.800118,0.000000,0.000000
4.810104,0.000000,0.000000
4.820136,0.000000,0.000000
4.830308,0.000000,0.000000
4.840072,0.000000,0.000000
4.850110,0.000000,0.000000
4.860177,0.000000,0.000000
4.870084,0.000000,0.000000
4.880205,0.000000,0.000000
4.890081,0.000000,0.000000
4.900130,0.000000,0.000000
4.910089,0.000000,0.000000
4.920127,0.000000,0.000000
4.930119,0.000000,0.000000
4.940179,0.000000,0.000000
4.950244,0.000000,0.000000
4.960255,0.000000,0.000000
4.970163,0.000000,0.000000
4.980139,0.000000,0.000000
4.990099,0.000000,0.000000
5.000097,0.000000,0.000000
5.010235,0.000000,0.000000
5.020417,0.000000,0.000000
5.030544,0.000000,0.000000
5.040145,0.000000,0.000000
5.050125,0.000000,0.000000
5.060295,0.000000,0.000000
5.070234,0.000000,0.000000
5.080210,0.000000,0.000000
5.090145,0.000000,0.000000
5.100115,0.000000,0.000000
5.110691,0.000000,0.000000
5.120125,0.000000,0.000000
5.130115,0.000000,0.000000
5.140201,0.000000,0.000000
5.150302,0.000000,0.000000
5.160802,0.000000,0.000000
5.170207,0.000000,0.000000
5.180067,0.000000,0.000000
5.190128,0.000000,0.000000
5.200070,0.000000,0.000000
5.210097,0.000000,0.000000
5.220086,0.000000,0.000000
5.230220,0.000000,0.000000
5.240177,0.000000,0.000000
5.250303,0.000000,0.000000
5.260165,0.000000,0.000000
5.270077,0.000000,0.000000
5.280087,0.000000,0.000000
5.290093,0.000000,0.000000
5.300079,0.000000,0.000000
5.310213,0.000000,0.000000
5.320095,0.000000,0.000000
5.330139,0.000000,0.000000
5.340131,0.000000,0.000000
5.350266,0.000000,0.000000
5.360426,0.000000,0.000000
5.370177,0.000000,0.000000
5.380094,0.000000,0.000000
5.390088,0.000000,0.000000
5.400135,0.000000,0.000000
5.410193,0.000000,0.000000
5.420201,0.000000,0.000000
5.430141,0.000000,0.000000
5.440100,0.000000,0.000000
5.450425,0.000000,0.000000
5.460280,0.000000,0.000000
5.470209,0.000000,0.000000
5.480171,0.000000,0.000000
5.490221,0.000000,0.000000
5.500132,0.000000,0.000000
5.510116,0.000000,0.000000
5.520089,0.000000,0.000000
5.530525,0.000000,0.000000
5.540256,0.000000,0.000000
5.550177,0.000000,0.000000
5.560085,0.000000,0.000000
5.570108,0.000000,0.000000
5.580083,0.000000,0.000000
5.590351,0.000000,0.000000
5.600333,0.000000,0.000000
5.610105,0.000000,0.000000
5.620113,0.000000,0.000000
5.630098,0.000000,0.000000
5.640114,0.000000,0.000000
5.650479,0.000000,0.000000
5.660229,0.000000,0.000000
5.670168,0.000000,0.000000
5.680173,0.000000,0.000000
5.690083,0.000000,0.000000
5.700131,0.000000,0.000000
5.710091,0.000000,0.000000
5.720375,0.000000,0.000000
5.730198,0.000000,0.000000
5.740165,0.000000,0.000000
5.750123,0.000000,0.000000
5.760176,0.000000,0.000000
5.770100,0.000000,0.000000
5.780209,0.000000,0.000000
5.790133,0.000000,0.000000
5.800103,0.000000,0.000000
5.810167,0.000000,0.000000
5.820195,0.000000,0.000000
5.830156,0.000000,0.000000
5.840240,0.000000,0.000000
5.850124,0.000000,0.000000
5.860127,0.000000,0.000000
5.870146,0.000000,0.000000
5.880121,0.000000,0.000000
5.890073,0.000000,0.000000
5.900170,0.000000,0.000000
5.910161,0.000000,0.000000
5.920161,0.000000,0.000000
5.930099,0.000000,0.000000
5.940090,0.000000,0.000000
5.950117,0.000000,0.000000
5.960092,0.000000,0.000000
5.970152,0.000000,0.000000
5.980153,0.000000,0.000000
5.990279,0.000000,0.000000
6.000078,0.000000,0.000000
6.010144,0.000000,0.000000
6.020094,0.000000,0.000000
6.030135,0.000000,0.000000
6.040362,0.000000,0.000000
6.050083,0.000000,0.000000
6.060090,0.000000,0.000000
6.070176,0.000000,0.000000
6.080065,0.000000,0.000000
6.090085,0.000000,0.000000
6.100158,0.000000,0.000000
6.110077,0.000000,0.000000
6.120159,0.000000,0.000000
6.130116,0.000000,0.000000
6.140273,0.000000,0.000000
6.150536,0.000000,0.000000
6.160128,0.000000,0.000000
6.170082,0.000000,0.000000
6.180180,0.000000,0.000000
6.190083,0.000000,0.000000
6.200088,0.000000,0.000000
6.210098,0.000000,0.000000
6.220103,0.000000,0.000000
6.230115,0.000000,0.000000
6.240088,0.000000,0.000000
6.250158,0.000000,0.000000
6.260081,0.000000,0.000000
6.270257,0.000000,0.000000
6.280124,0.000000,0.000000
6.290105,0.000000,0.000000
6.300129,0.000000,0.000000
6.310102,0.000000,0.000000
6.320093,0.000000,0.000000
6.330025,0.000000,0.000000
6.340119,0.000000,0.000000
6.350166,0.000000,0.000000
6.360116,0.000000,0.000000
6.370140,0.000000,0.000000
6.380137,0.000000,0.000000
6.390197,0.000000,0.000000
6.400123,0.000000,0.000000
6.410101,0.000000,0.000000
6.420134,0.000000,0.000000
6.430170,0.000000,0.000000
6.440079,0.000000,0.000000
6.450151,0.000000,0.000000
6.460072,0.000000,0.000000
6.470123,0.000000,0.000000
6.480101,0.000000,0.000000
6.490159,0.000000,0.000000
6.500132,0.000000,0.000000
6.510159,0.000000,0.000000
6.520169,0.000000,0.000000
6.530074,0.000000,0.000000
6.540160,0.000000,0.000000
6.550097,0.000000,0.000000
6.560129,0.000000,0.000000
6.570361,0.000000,0.000000
6.580128,0.000000,0.000000
6.590079,0.000000,0.000000
6.600154,0.000000,0.000000
6.610227,0.000000,0.000000
6.620136,0.000000,0.000000
6.630263,0.000000,0.000000
6.640204,0.000000,0.000000
6.650081,0.000000,0.000000
6.660177,0.000000,0.000000
6.670143,0.000000,0.000000
6.680344,0.000000,0.000000
6.690132,0.000000,0.000000
6.700143,0.000000,0.000000
6.710383,0.000000,0.000000
6.720217,0.000000,0.000000
6.730739,0.000000,0.000000
6.740098,0.000000,0.000000
6.750105,0.000000,0.000000
6.760110,0.000000,0.000000
6.770154,0.000000,0.000000
6.780132,0.000000,0.000000
6.790141,0.000000,0.000000
6.800302,0.000000,0.000000
6.810043,0.000000,0.000000
6.820092,0.000000,0.000000
6.830198,0.000000,0.000000
6.840120,0.000000,0.000000
6.850087,0.000000,0.000000
6.860152,0.000000,0.000000
6.870045,0.000000,0.000000
6.880112,0.000000,0.000000
6.890123,0.000000,0.000000
6.900120,0.000000,0.000000
6.910197,0.000000,0.000000
6.920046,0.000000,0.000000
6.930176,0.000000,0.000000
6.940248,0.000000,0.000000
6.950240,0.000000,0.000000
6.960100,0.000000,0.000000
6.970086,0.000000,0.000000
6.980078,0.000000,0.000000
6.990215,0.000000,0.000000
7.000070,0.000000,0.000000
7.010272,0.000000,0.000000
7.020157,0.000000,0.000000
7.030137,0.000000,0.000000
7.040070,0.000000,0.000000
7.050247,0.000000,0.000000
7.060296,0.000000,0.000000
7.070090,0.000000,0.000000
7.080107,0.000000,0.000000
7.090095,0.000000,0.000000
7.100162,0.000000,0.000000
7.110180,0.000000,0.000000
7.120186,0.000000,0.000000
7.130170,0.000000,0.000000
7.140216,0.000000,0.000000
7.150129,0.000000,0.000000
7.160326,0.000000,0.000000
7.170491,0.000000,0.000000
7.180164,0.000000,0.000000
7.190088,0.000000,0.000000
7.200100,0.000000,0.000000
7.210105,0.000000,0.000000
7.220142,0.000000,0.000000
7.230293,0.000000,0.000000
7.240155,0.000000,0.000000
7.250291,0.000000,0.000000
7.260156,0.000000,0.000000
7.270094,0.000000,0.000000
7.280113,0.000000,0.000000
7.290618,0.000000,0.000000
7.300133,0.000000,0.000000
7.310113,0.000000,0.000000
7.320080,0.000000,0.000000
7.330094,0.000000,0.000000
7.340138,0.000000,0.000000
7.350117,0.000000,0.000000
7.360158,0.000000,0.000000
7.370198,0.000000,0.000000
7.380744,0.000000,0.000000
7.390276,0.000000,0.000000
7.400119,0.000000,0.000000
7.410161,0.000000,0.000000
7.420131,0.000000,0.000000
7.430164,0.000000,0.000000
7.440147,0.000000,0.000000
7.450305,0.000000,0.000000
7.460593,0.000000,0.000000
7.470075,0.000000,0.000000
7.480138,0.000000,0.000000
7.490074,0.000000,0.000000
7.500137,0.000000,0.000000
7.510241,0.000000,0.000000
7.520156,0.000000,0.000000
7.530133,0.000000,0.000000
7.540214,0.000000,0.000000
7.550391,0.000000,0.000000
7.560134,0.000000,0.000000
7.570076,0.000000,0.000000
7.580161,0.000000,0.000000
7.590174,0.000000,0.000000
7.600221,0.000000,0.000000
7.610140,0.000000,0.000000
7.620142,0.000000,0.000000
7.630098,0.000000,0.000000
7.640308,0.000000,0.000000
7.650444,0.000000,0.000000
7.660167,0.000000,0.000000
7.670159,0.000000,0.000000
7.680218,0.000000,0.000000
7.690096,0.000000,0.000000
7.700202,0.000000,0.000000
7.710659,0.000000,0.000000
7.720067,0.000000,0.000000
7.730034,0.000000,0.000000
7.740166,0.000000,0.000000
7.750614,0.000000,0.000000
7.760194,0.000000,0.000000
7.770095,0.000000,0.000000
7.780119,0.000000,0.000000
7.790167,0.000000,0.000000
7.800074,0.000000,0.000000
7.810133,0.000000,0.000000
7.820131,0.000000,0.000000
7.830124,0.000000,0.000000
7.840311,0.000000,0.000000
7.850256,0.000000,0.000000
7.860060,0.000000,0.000000
7.870146,0.000000,0.000000
7.880120,0.000000,0.000000
7.890140,0.000000,0.000000
7.900134,0.000000,0.000000
7.910057,0.000000,0.000000
7.920101,0.000000,0.000000
7.930247,0.000000,0.000000
7.940118,0.000000,0.000000
7.950254,0.000000,0.000000
7.960084,0.000000,0.000000
7.970173,0.000000,0.000000
7.980096,0.000000,0.000000
7.990067,0.000000,0.000000
8.000081,0.000000,0.000000
8.010156,0.000000,0.000000
8.020167,0.000000,0.000000
8.030102,0.000000,0.000000
8.040095,0.000000,0.000000
8.050136,0.000000,0.000000
8.060720,0.000000,0.000000
8.070595,0.000000,0.000000
8.080205,0.000000,0.000000
8.090208,0.000000,0.000000
8.100090,0.000000,0.000000
8.110126,0.000000,0.000000
8.120120,0.000000,0.000000
8.130287,0.000000,0.000000
8.140097,0.000000,0.000000
8.150137,0.000000,0.000000
8.160116,0.000000,0.000000
8.170126,0.000000,0.000000
8.180029,0.000000,0.000000
8.190180,0.000000,0.000000
8.200033,0.000000,0.000000
8.210208,0.000000,0.000000
8.220112,0.000000,0.000000
8.230118,0.000000,0.000000
8.240102,0.000000,0.000000
8.250279,0.000000,0.000000
8.260236,0.000000,0.000000
8.270162,0.000000,0.000000
8.280028,0.000000,0.000000
8.290114,0.000000,0.000000
8.300135,0.000000,0.000000
8.310126,0.000000,0.000000
8.320114,0.000000,0.000000
8.330140,0.000000,0.000000
8.340114,0.000000,0.000000
8.350016,0.000000,0.000000
8.360182,0.000000,0.000000
8.370023,0.000000,0.000000
8.380120,0.000000,0.000000
8.390082,0.000000,0.000000
8.400095,0.000000,0.000000
8.410079,0.000000,0.000000
8.420149,0.000000,0.000000
8.430173,0.000000,0.000000
8.440029,0.000000,0.000000
8.450085,0.000000,0.000000
8.460236,0.000000,0.000000
8.470103,0.000000,0.000000
8.480143,0.000000,0.000000
8.490107,0.000000,0.000000
8.500049,0.000000,0.000000
8.510172,0.000000,0.000000
8.520110,0.000000,0.000000
8.530179,0.000000,0.000000
8.540121,0.000000,0.000000
8.550118,0.000000,0.000000
8.560094,0.000000,0.000000
8.570125,0.000000,0.000000
8.580170,0.000000,0.000000
8.590119,0.000000,0.000000
8.600138,0.000000,0.000000
8.610173,0.000000,0.000000
8.620127,0.000000,0.000000
8.630074,0.000000,0.000000
8.640055,0.000000,0.000000
8.650120,0.000000,0.000000
8.660155,0.000000,0.000000
8.670142,0.000000,0.000000
8.680101,0.000000,0.000000
8.690082,0.000000,0.000000
8.700097,0.000000,0.000000
8.710159,0.000000,0.000000
8.721499,0.000000,0.000000
8.730244,0.000000,0.000000
8.740251,0.000000,0.000000
8.750204,0.000000,0.000000
8.760274,0.000000,0.000000
8.770294,0.000000,0.000000
8.780274,0.000000,0.000000
8.790184,0.000000,0.000000
8.800283,0.000000,0.000000
8.810087,0.000000,-0.000000
8.820168,0.000000,-0.000000
8.830144,0.000000,-0.000000
8.840719,0.000000,-0.000000
8.850686,0.000000,-0.000000
8.860414,0.000000,-0.000000
8.870548,0.000000,-0.000000
8.880276,0.000000,-0.000000
8.890364,0.000000,-0.000000
8.900154,0.000000,-0.000000
8.910299,0.000000,-0.000000
8.920146,0.000000,-0.000000
8.930387,0.000000,-0.000000
8.940484,0.000000,-0.000000
8.950421,0.000000,-0.000000
8.960103,0.000000,-0.000000
8.970134,0.000000,-0.000000
8.980373,0.000000,-0.000000
8.990124,0.000000,-0.000000
9.000545,0.000000,-0.000000
9.010105,0.000000,-0.000000
9.020222,0.000000,-0.000000
9.030271,0.000000,-0.000000
9.040089,0.000000,-0.000000
9.050563,0.000000,-0.000000
9.060255,0.000000,-0.000000
9.070151,0.000000,-0.000000
9.080077,0.000000,-0.000000
9.091324,0.000000,-0.000000
9.100161,0.000000,-0.000000
9.110227,0.000000,-0.000000
9.120895,0.000000,-0.000000
9.130091,0.000000,-0.000000
9.140077,0.000000,-0.000000
9.150367,0.000000,-0.000000
9.160079,0.000000,-0.000000
9.170075,0.000000,-0.000000
9.180124,0.000000,-0.000000
9.190137,0.000000,-0.000000
9.200114,0.000000,-0.000000
9.210281,0.000000,-0.000000
9.220160,0.000000,-0.000000
9.230420,0.000000,-0.000000
9.240154,0.000000,-0.000000
9.250147,0.000000,-0.000000
9.260093,0.000000,-0.000000
9.270075,0.000000,-0.000000
9.280143,0.000000,-0.000000
9.290098,0.000000,-0.000000
9.300062,0.000000,-0.000000
9.310082,0.000000,-0.000000
9.320114,0.000000,-0.000000
9.330108,0.000000,-0.000000
9.340075,0.000000,-0.000000
9.350111,0.000000,-0.000000
9.360075,0.000000,-0.000000
9.370074,0.000000,-0.000000
9.380096,0.000000,-0.000000
9.390118,0.000000,-0.000000
9.400295,0.000000,-0.000000
9.410162,0.000000,-0.000000
9.420251,0.000000,-0.000000
9.430117,0.000000,-0.000000
9.440072,0.000000,-0.000000
9.450458,0.000000,-0.000000
9.460073,0.000000,-0.000000
9.470098,0.000000,-0.000000
9.480075,0.000000,-0.000000
9.490079,0.000000,-0.000000
9.500127,0.000000,-0.000000
9.510076,0.000000,-0.000000
9.520131,0.000000,-0.000000
9.530085,0.000000,-0.000000
9.540204,0.000000,-0.000000
9.550210,0.000000,-0.000000
9.560074,0.000000,-0.000000
9.570082,0.000000,-0.000000
9.580078,0.000000,-0.000000
9.590072,0.000000,-0.000000
9.600106,0.000000,-0.000000
9.610076,0.000000,-0.000000
9.620261,0.000000,-0.000000
9.630085,0.000000,-0.000000
9.640148,0.000000,-0.000000
9.650468,0.000000,-0.000000
9.660080,0.000000,-0.000000
9.670297,0.000000,-0.000000
9.680018,0.000000,-0.000000
9.690171,0.000000,-0.000000
9.700147,0.000000,-0.000000
9.710147,0.000000,-0.000000
9.720078,0.000000,-0.000000
9.730087,0.000000,-0.000000
9.740295,0.000000,-0.000000
9.750097,0.000000,-0.000000
9.760078,0.000000,-0.000000
9.770102,0.000000,-0.000000
9.780152,0.000000,-0.000000
9.790142,0.000000,-0.000000
9.800093,0.000000,-0.000000
9.810090,0.000000,-0.000000
9.820075,0.000000,-0.000000
9.830133,0.000000,-0.000000
9.840186,0.000000,-0.000000
9.850056,0.000000,-0.000000
9.860106,0.000000,-0.000000
9.870075,0.000000,-0.000000
9.880311,0.000000,-0.000000
9.890075,0.000000,-0.000000
9.900074,0.000000,-0.000000
9.910073,0.000000,-0.000000
9.920072,0.000000,-0.000000
9.930076,0.000000,-0.000000
9.940076,0.000000,-0.000000
9.950052,0.000000,-0.000000
9.960168,0.000000,-0.000000
9.970214,0.000000,-0.000000
9.980122,0.000000,-0.000000
9.990073,0.000000,-0.000000
10.000097,0.000000,-0.000000
10.010443,0.000000,-0.000000
10.021142,0.000000,-0.000000
10.030056,0.000000,-0.000000
10.040198,0.000000,-0.000000
10.050172,0.000000,-0.000000
10.060086,0.000000,-0.000000
10.070479,0.000000,-0.000000
10.080074,0.000000,-0.000000
10.090262,0.000000,-0.000000
10.100115,0.000000,-0.000000
10.110138,0.000000,-0.000000
10.120278,0.000000,-0.000000
10.130506,0.000000,-0.000000
10.140286,0.000000,-0.000000
10.150080,0.000000,-0.000000
10.160082,0.000000,-0.000000
10.170102,0.000000,-0.000000
10.180185,0.000000,-0.000000
10.190117,0.000000,-0.000000
10.200075,0.000000,-0.000000
10.210079,0.000000,-0.000000
10.220079,0.000000,-0.000000
10.230096,0.000000,-0.000000
10.240484,0.000000,-0.000000
10.250085,0.000000,-0.000000
10.260075,0.000000,-0.000000
10.270077,0.000000,-0.000000
10.280394,0.000000,-0.000000
10.290182,0.000000,-0.000000
10.300198,0.000000,-0.000000
10.310072,0.000000,-0.000000
10.320074,0.000000,-0.000000
10.330197,0.000000,-0.000000
10.340157,0.000000,-0.000000
10.350075,0.000000,-0.000000
10.360075,0.000000,-0.000000
10.370230,0.000000,-0.000000
10.380149,0.000000,-0.000000
10.390187,0.000000,-0.000000
10.400089,0.000000,-0.000000
10.410163,0.000000,-0.000000
10.420160,0.000000,-0.000000
10.430240,0.000000,-0.000000
10.441046,0.000000,-0.000000
10.450140,0.000000,-0.000000
10.460263,0.000000,-0.000000
10.470075,0.000000,-0.000000
10.480264,0.000000,-0.000000
10.490117,0.000000,-0.000000
10.500169,0.000000,-0.000000
10.510188,0.000000,-0.000000
10.520266,0.000000,-0.000000
10.530168,0.000000,-0.000000
10.540262,0.000000,-0.000000
10.550502,0.000000,-0.000000
10.560074,0.000000,-0.000000
10.570069,0.000000,-0.000000
10.580220,0.000000,-0.000000
10.590161,0.000000,-0.000000
10.600086,0.000000,-0.000000
10.610086,0.000000,-0.000000
10.620119,0.000000,-0.000000
10.630083,0.000000,-0.000000
10.640223,0.000000,-0.000000
10.651275,0.000000,-0.000000
10.660171,0.000000,-0.000000
10.670082,0.000000,-0.000000
10.680148,0.000000,-0.000000
10.690097,0.000000,-0.000000
10.700139,0.000000,-0.000000
10.710074,0.000000,-0.000000
10.720075,0.000000,-0.000000
10.730179,0.000000,-0.000000
10.740074,0.000000,-0.000000
10.750094,0.000000,-0.000000
10.760089,0.000000,-0.000000
10.770085,0.000000,-0.000000
10.780080,0.000000,-0.000000
10.790138,0.000000,-0.000000
10.800250,0.000000,-0.000000
10.810098,0.000000,-0.000000
10.820076,0.000000,-0.000000
10.830079,0.000000,-0.000000
10.840088,0.000000,-0.000000
10.850439,0.000000,-0.000000
10.860033,0.000000,-0.000000
10.870086,0.000000,-0.000000
10.880099,0.000000,-0.000000
10.890154,0.000000,-0.000000
10.900090,0.000000,-0.000000
10.910162,0.000000,-0.000000
10.920076,0.000000,-0.000000
10.930074,0.000000,-0.000000
10.940064,0.000000,-0.000000
10.950120,0.000000,-0.000000
10.960164,0.000000,-0.000000
10.970213,0.000000,-0.000000
10.980125,0.000000,-0.000000
10.990075,0.000000,-0.000000
11.000076,0.000000,-0.000000
11.010168,0.000000,-0.000000
11.020125,0.000000,-0.000000
11.030310,0.000000,-0.000000
11.040075,0.000000,-0.000000
11.050110,0.000000,-0.000000
11.060171,0.000000,-0.000000
11.070077,0.000000,-0.000000
11.080121,0.000000,-0.000000
11.090093,0.000000,-0.000000
11.100258,0.000000,-0.000000
11.110077,0.000000,-0.000000
11.120081,0.000000,-0.000000
11.130072,0.000000,-0.000000
11.140085,0.000000,-0.000000
11.150140,0.000000,-0.000000
11.160085,0.000000,-0.000000
11.170080,0.000000,-0.000000
11.180080,0.000000,-0.000000
11.190079,0.000000,-0.000000
11.200163,0.000000,-0.000000
11.210081,0.000000,-0.000000
11.220176,0.000000,-0.000000
11.230052,0.000000,-0.000000
11.240252,0.000000,-0.000000
11.250179,0.000000,-0.000000
11.260715,0.000000,-0.000000
11.270061,0.000000,-0.000000
11.280134,0.000000,-0.000000
11.290075,0.000000,-0.000000
11.300228,0.000000,-0.000000
11.310094,0.000000,-0.000000
11.320479,0.000000,-0.000000
11.330210,0.000000,-0.000000
11.340473,0.000000,-0.000000
11.350314,0.000000,-0.000000
11.360102,0.000000,-0.000000
11.370106,0.000000,-0.000000
11.380264,0.000000,-0.000000
11.390347,0.000000,-0.000000
11.400077,0.000000,-0.000000
11.410301,0.000000,-0.000000
11.420079,0.000000,-0.000000
11.430418,0.000000,-0.000000
11.440258,0.000000,-0.000000
11.450178,0.000000,-0.000000
11.460089,0.000000,-0.000000
11.470249,0.000000,-0.000000
11.480073,0.000000,-0.000000
11.490127,0.000000,-0.000000
11.500706,0.000000,-0.000000
11.510315,0.000000,-0.000000
11.520125,0.000000,-0.000000
11.530220,0.000000,-0.000000
11.540286,0.000000,-0.000000
11.550076,0.000000,-0.000000
11.560084,0.000000,-0.000000
11.570121,0.000000,-0.000000
11.580078,0.000000,-0.000000
11.590091,0.000000,-0.000000
11.600121,0.000000,-0.000000
11.610174,0.000000,-0.000000
11.620170,0.000000,-0.000000
11.630220,0.000000,-0.000000
11.640111,0.000000,-0.000000
11.650050,0.000000,-0.000000
11.660127,0.000000,-0.000000
11.670199,0.000000,-0.000000
11.680293,0.000000,-0.000000
11.690351,0.000000,-0.000000
11.700112,0.000000,-0.000000
11.710076,0.000000,-0.000000
11.720156,0.000000,-0.000000
11.730072,0.000000,-0.000000
11.740089,0.000000,-0.000000
11.750085,0.000000,-0.000000
11.760077,0.000000,-0.000000
11.770097,0.000000,-0.000000
11.780212,0.000000,-0.000000
11.790067,0.000000,-0.000000
11.800074,0.000000,-0.000000
11.810081,0.000000,-0.000000
11.820088,0.000000,-0.000000
11.830093,0.000000,-0.000000
11.840163,0.000000,-0.000000
11.850085,0.000000,-0.000000
11.860035,0.000000,-0.000000
11.870210,0.000000,-0.000000
11.880352,0.000000,-0.000000
11.890027,0.000000,-0.000000
11.900075,0.000000,-0.000000
11.910078,0.000000,-0.000000
11.920165,0.000000,-0.000000
11.930100,0.000000,-0.000000
11.940072,0.000000,-0.000000
11.950160,0.000000,-0.000000
11.960722,0.000000,-0.000000
11.970487,0.000000,-0.000000
11.980074,0.000000,-0.000000
11.990087,0.000000,-0.000000
12.000092,0.000000,-0.000000
12.010367,0.000000,-0.000000
12.020071,0.000000,-0.000000
12.030184,0.000000,-0.000000
12.040088,0.000000,-0.000000
12.050248,0.000000,-0.000000
12.060440,0.000000,-0.000000
12.070233,0.000000,-0.000000
12.080127,0.000000,-0.000000
12.090088,0.000000,-0.000000
12.100071,0.000000,-0.000000
12.110082,0.000000,-0.000000
12.120146,0.000000,-0.000000
12.130288,0.000000,-0.000000
12.140113,0.000000,-0.000000
12.150283,0.000000,-0.000000
12.160083,0.000000,-0.000000
12.170146,0.000000,-0.000000
12.180075,0.000000,-0.000000
12.190088,0.000000,-0.000000
12.200124,0.000000,-0.000000
12.210229,0.000000,-0.000000
12.220376,0.000000,-0.000000
12.230123,0.000000,-0.000000
12.240112,0.000000,-0.000000
12.250124,0.000000,-0.000000
12.260120,0.000000,-0.000000
12.270123,0.000000,-0.000000
12.280077,0.000000,-0.000000
12.290113,0.000000,-0.000000
12.300142,0.000000,-0.000000
12.310083,0.000000,-0.000000
12.320329,0.000000,-0.000000
12.330075,0.000000,-0.000000
12.340107,0.000000,-0.000000
12.350125,0.000000,-0.000000
12.360130,0.000000,-0.000000
12.370123,0.000000,-0.000000
12.380121,0.000000,-0.000000
12.390128,0.000000,-0.000000
12.400121,0.000000,-0.000000
12.410119,0.000000,-0.000000
12.420097,0.000000,-0.000000
12.430414,0.000000,-0.000000
12.440099,0.000000,-0.000000
12.450082,0.000000,-0.000000
12.460209,0.000000,-0.000000
12.470234,0.000000,-0.000000
12.480145,0.000000,-0.000000
12.490152,0.000000,-0.000000
12.500258,0.000000,-0.000000
12.510754,0.000000,-0.000000
12.520160,0.000000,-0.000000
12.530116,0.000000,-0.000000
12.540083,0.000000,-0.000000
12.550079,0.000000,-0.000000
12.560365,0.000000,-0.000000
12.570118,0.000000,-0.000000
12.580080,0.000000,-0.000000
12.590105,0.000000,-0.000000
12.600075,0.000000,-0.000000
12.610087,0.000000,-0.000000
12.620090,0.000000,-0.000000
12.630091,0.000000,-0.000000
12.640149,0.000000,-0.000000
12.650137,0.000000,-0.000000
12.660156,0.000000,-0.000000
12.670098,0.000000,-0.000000
12.680215,0.000000,-0.000000
12.690084,0.000000,-0.000000
12.700115,0.000000,-0.000000
12.710134,0.000000,-0.000000
12.720412,0.000000,-0.000000
12.730098,0.000000,-0.000000
12.740121,0.000000,-0.000000
12.750125,0.000000,-0.000000
12.760098,0.000000,-0.000000
12.770359,0.000000,-0.000000
12.780112,0.000000,-0.000000
12.790120,0.000000,-0.000000
12.800075,0.000000,-0.000000
12.810146,0.000000,-0.000000
12.820121,0.000000,-0.000000
12.830086,0.000000,-0.000000
12.840172,0.000000,-0.000000
12.850122,0.000000,-0.000000
12.860115,0.000000,-0.000000
12.870269,0.000000,-0.000000
12.880610,0.000000,-0.000000
12.890124,0.000000,-0.000000
12.900229,0.000000,-0.000000
12.910097,0.000000,-0.000000
12.920102,0.000000,-0.000000
12.930329,0.000000,-0.000000
12.940301,0.000000,-0.000000
12.950088,0.000000,-0.000000
12.960095,0.000000,-0.000000
12.970137,0.000000,-0.000000
12.980097,0.000000,-0.000000
12.990282,0.000000,-0.000000
13.000128,0.000000,-0.000000
13.010127,0.000000,-0.000000
13.020150,0.000000,-0.000000
13.030077,0.000000,-0.000000
13.040146,0.000000,-0.000000
13.050175,0.000000,-0.000000
13.060138,0.000000,-0.000000
13.070087,0.000000,-0.000000
13.080167,0.000000,-0.000000
13.090683,0.000000,-0.000000
13.100075,0.000000,-0.000000
13.110097,0.000000,-0.000000
13.120079,0.000000,-0.000000
13.130073,0.000000,-0.000000
13.140119,0.000000,-0.000000
13.150124,0.000000,-0.000000
13.160116,0.000000,-0.000000
13.170123,0.000000,-0.000000
13.180103,0.000000,-0.000000
13.190095,0.000000,-0.000000
13.200140,0.000000,-0.000000
13.210089,0.000000,-0.000000
13.220102,0.000000,-0.000000
13.230079,0.000000,-0.000000
13.240244,0.000000,-0.000000
13.250131,0.000000,-0.000000
13.260082,0.000000,-0.000000
13.270102,0.000000,-0.000000
13.280114,0.000000,-0.000000
13.290104,0.000000,-0.000000
13.300079,0.000000,-0.000000
13.310078,0.000000,-0.000000
13.320090,0.000000,-0.000000
13.330073,0.000000,-0.000000
13.340113,0.000000,-0.000000
13.350124,0.000000,-0.000000
13.360092,0.000000,-0.000000
13.370078,0.000000,-0.000000
13.380226,0.000000,-0.000000
13.390080,0.000000,-0.000000
13.400229,0.000000,-0.000000
13.410095,0.000000,-0.000000
13.420109,0.000000,-0.000000
13.430079,0.000000,-0.000000
13.440303,0.000000,-0.000000
13.450133,0.000000,-0.000000
13.460114,0.000000,-0.000000
13.470310,0.000000,-0.000000
13.480172,0.000000,-0.000000
13.490121,0.000000,-0.000000
13.500149,0.000000,-0.000000
13.510081,0.000000,-0.000000
13.520637,0.000000,-0.000000
13.530074,0.000000,-0.000000
13.540079,0.000000,-0.000000
13.550122,0.000000,-0.000000
13.560315,0.000000,-0.000000
13.570306,0.000000,-0.000000
13.580390,0.000000,-0.000000
13.590074,0.000000,-0.000000
13.600113,0.000000,-0.000000
13.610086,0.000000,-0.000000
13.620074,0.000000,-0.000000
13.630223,0.000000,-0.000000
13.640082,0.000000,-0.000000
13.650102,0.000000,-0.000000
13.660075,0.000000,-0.000000
13.670117,0.000000,-0.000000
13.680087,0.000000,-0.000000
13.690441,0.000000,-0.000000
13.700074,0.000000,-0.000000
13.710108,0.000000,-0.000000
13.720080,0.000000,-0.000000
13.730074,0.000000,-0.000000
13.740232,0.000000,-0.000000
13.750764,0.000000,-0.000000
13.760154,0.000000,-0.000000
13.770079,0.000000,-0.000000
13.780137,0.000000,-0.000000
13.790129,0.000000,-0.000000
13.800129,0.000000,-0.000000
13.810093,0.000000,-0.000000
13.820133,0.000000,-0.000000
13.830178,0.000000,-0.000000
13.840169,0.000000,-0.000000
13.850666,0.000000,-0.000000
13.860143,0.000000,-0.000000
13.870201,0.000000,-0.000000
13.880088,0.000000,-0.000000
13.890186,0.000000,-0.000000
13.900285,0.000000,-0.000000
13.910331,0.000000,-0.000000
13.920534,0.000000,-0.000000
13.930271,0.000000,-0.000000
13.940216,0.000000,-0.000000
13.950126,0.000000,-0.000000
13.960100,0.000000,-0.000000
13.970085,0.000000,-0.000000
13.980084,0.000000,-0.000000
13.990123,0.000000,-0.000000
14.000243,0.000000,-0.000000
14.010124,0.000000,-0.000000
14.020130,0.000000,-0.000000
14.030171,0.000000,-0.000000
14.040050,0.000000,-0.000000
14.050077,0.000000,-0.000000
14.060135,0.000000,-0.000000
14.070157,0.000000,-0.000000
14.080088,0.000000,-0.000000
14.090126,0.000000,-0.000000
14.100086,0.000000,-0.000000
14.110265,0.000000,-0.000000
14.120078,0.000000,-0.000000
14.130075,0.000000,-0.000000
14.140082,0.000000,-0.000000
14.150081,0.000000,-0.000000
14.160109,0.000000,-0.000000
14.170123,0.000000,-0.000000
14.180080,0.000000,-0.000000
14.190130,0.000000,-0.000000
14.200122,0.000000,-0.000000
14.210114,0.000000,-0.000000
14.220169,0.000000,-0.000000
14.230083,0.000000,-0.000000
14.240128,0.000000,-0.000000
14.250130,0.000000,-0.000000
14.260111,0.000000,-0.000000
14.270078,0.000000,-0.000000
14.280314,0.000000,-0.000000
14.290159,0.000000,-0.000000
14.300113,0.000000,-0.000000
14.310126,0.000000,-0.000000
14.320133,0.000000,-0.000000
14.330184,0.000000,-0.000000
14.340134,0.000000,-0.000000
14.350130,0.000000,-0.000000
14.360091,0.000000,-0.000000
14.370169,0.000000,-0.000000
14.380505,0.000000,-0.000000
14.390132,0.000000,-0.000000
14.400131,0.000000,-0.000000
14.410127,0.000000,-0.000000
14.420419,0.000000,-0.000000
14.430203,0.000000,-0.000000
14.440081,0.000000,-0.000000
14.450119,0.000000,-0.000000
14.460092,0.000000,-0.000000
14.470104,0.000000,-0.000000
14.480085,0.000000,-0.000000
14.490460,0.000000,-0.000000
14.500155,0.000000,-0.000000
14.510124,0.000000,-0.000000
14.520052,0.000000,-0.000000
14.530124,0.000000,-0.000000
14.540387,0.000000,-0.000000
14.550314,0.000000,-0.000000
14.560111,0.000000,-0.000000
14.570129,0.000000,-0.000000
14.580102,0.000000,-0.000000
14.590356,0.000000,-0.000000
14.600342,0.000000,-0.000000
14.610128,0.000000,-0.000000
14.620114,0.000000,-0.000000
14.630086,0.000000,-0.000000
14.640504,0.000000,-0.000000
14.650101,0.000000,-0.000000
14.660106,0.000000,-0.000000
14.670090,0.000000,-0.000000
14.680131,0.000000,-0.000000
14.690228,0.000000,-0.000000
14.700261,0.000000,-0.000000
14.710114,0.000000,-0.000000
14.720080,0.000000,-0.000000
14.730136,0.000000,-0.000000
14.740080,0.000000,-0.000000
14.750124,0.000000,-0.000000
14.760090,0.000000,-0.000000
14.770125,0.000000,-0.000000
14.780078,0.000000,-0.000000
14.790074,0.000000,-0.000000
14.800100,0.000000,-0.000000
14.810036,0.000000,-0.000000
14.820118,0.000000,-0.000000
14.830077,0.000000,-0.000000
14.840120,0.000000,-0.000000
14.850281,0.000000,-0.000000
14.860121,0.000000,-0.000000
14.870134,0.000000,-0.000000
14.880148,0.000000,-0.000000
14.890098,0.000000,-0.000000
14.900109,0.000000,-0.000000
14.910142,0.000000,-0.000000
14.920161,0.000000,-0.000000
14.930079,0.000000,-0.000000
14.940121,0.000000,-0.000000
14.950126,0.000000,-0.000000
14.960085,0.000000,-0.000000
14.970081,0.000000,-0.000000
14.980097,0.000000,-0.000000
14.990099,0.000000,-0.000000
15.000133,0.000000,-0.000000
15.010075,0.000000,-0.000000
15.020122,0.000000,-0.000000
15.030395,0.000000,-0.000000
15.040117,0.000000,-0.000000
15.050098,0.000000,-0.000000
15.060125,0.000000,-0.000000
15.070106,0.000000,-0.000000
15.080079,0.000000,-0.000000
15.090157,0.000000,-0.000000
15.100164,0.000000,-0.000000
15.110076,0.000000,-0.000000
15.120120,0.250000,-0.000000
15.130077,0.250000,0.001112
15.140170,0.250000,0.003609
15.150198,0.250000,0.006109
15.160110,0.250000,0.008609
15.170087,0.250000,0.011109
15.180412,0.250000,0.013609
15.190087,0.250000,0.016109
15.200066,0.250000,0.018609
15.210085,0.250000,0.021109
15.220215,0.250000,0.023359
15.230158,0.250000,0.026109
15.240119,0.250000,0.028609
15.250175,0.250000,0.031109
15.260080,0.250000,0.033609
15.270078,0.250000,0.036109
15.280116,0.250000,0.038609
15.290134,0.250000,0.040859
15.300433,0.250000,0.043359
15.310145,0.250000,0.046109
15.320105,0.250000,0.048609
15.330074,0.250000,0.051109
15.340122,0.250000,0.053359
15.350127,0.250000,0.056109
15.360097,0.250000,0.058609
15.370101,0.250000,0.061109
15.380094,0.250000,0.063609
15.390115,0.250000,0.066109
15.400168,0.250000,0.068609
15.410250,0.250000,0.071109
15.420096,0.250000,0.073609
15.430157,0.250000,0.076109
15.440160,0.250000,0.078609
15.450079,0.250000,0.081109
15.460126,0.250000,0.083609
15.470106,0.250000,0.086109
15.480177,0.250000,0.088609
15.490152,0.250000,0.091109
15.500063,0.250000,0.093609
15.510130,0.250000,0.096109
15.520077,0.250000,0.098609
15.530076,0.250000,0.101109
15.540119,0.250000,0.103609
15.550196,0.250000,0.106109
15.560096,0.250000,0.108609
15.570086,0.250000,0.111109
15.580131,0.250000,0.113609
15.590133,0.250000,0.116109
15.600083,0.250000,0.118609
15.610632,0.250000,0.121109
15.620520,0.250000,0.123359
15.630773,0.250000,0.126109
15.640170,0.250000,0.128609
15.650696,0.250000,0.130859
15.660167,0.250000,0.133609
15.670061,0.250000,0.136109
15.680130,0.250000,0.138609
15.690084,0.250000,0.141109
15.700223,0.250000,0.143609
15.710120,0.250000,0.146109
15.720114,0.250000,0.148609
15.730137,0.250000,0.151109
15.740297,0.250000,0.153359
15.750078,0.250000,0.156109
15.760120,0.250000,0.158609
15.770777,0.250000,0.161109
15.780268,0.250000,0.163359
15.790118,0.250000,0.166109
15.800122,0.250000,0.168609
15.810122,0.250000,0.171109
15.820122,0.250000,0.173609
15.830531,0.250000,0.175859
15.840900,0.250000,0.178609
15.850089,0.250000,0.181109
15.860137,0.250000,0.183359
15.870270,0.250000,0.185859
15.880121,0.250000,0.188609
15.890438,0.250000,0.191109
15.900107,0.250000,0.193609
15.910345,0.250000,0.196109
15.920142,0.250000,0.198609
15.930796,0.250000,0.200859
15.940556,0.250000,0.203359
15.950860,0.250000,0.205859
15.960119,0.250000,0.208609
15.970130,0.250000,0.211109
15.980222,0.250000,0.213609
15.990405,0.250000,0.216109
16.000157,0.250000,0.218359
16.010764,0.250000,0.220859
16.020093,0.250000,0.223609
16.030140,0.250000,0.226094
16.040117,0.250000,0.228555
16.050133,0.250000,0.230984
16.060105,0.250000,0.233363
16.070206,0.250000,0.235445
16.080414,0.250000,0.237903
16.090081,0.250000,0.240038
16.100328,0.250000,0.241851
16.110226,0.250000,0.243937
16.120209,0.250000,0.245531
16.130135,0.250000,0.247322
16.140149,0.250000,0.248805
16.150268,0.250000,0.250137
16.160081,0.250000,0.251328
16.170661,0.250000,0.252378
16.180171,0.250000,0.253291
16.190407,0.250000,0.253999
16.200218,0.250000,0.254664
16.210304,0.250000,0.255210
16.220818,0.250000,0.255637
16.230486,0.250000,0.255953
16.240161,0.250000,0.256182
16.250166,0.250000,0.256288
16.260117,0.250000,0.256307
16.270182,0.250000,0.256248
16.280467,0.250000,0.256120
16.290464,0.250000,0.255951
16.300116,0.250000,0.255685
16.310116,0.250000,0.255395
16.320294,0.250000,0.255068
16.330289,0.250000,0.254710
16.340227,0.250000,0.254327
16.350164,0.250000,0.253927
16.360121,0.250000,0.253514
16.370139,0.250000,0.253095
16.380124,0.250000,0.252675
16.390130,0.250000,0.252257
16.400090,0.250000,0.251846
16.410175,0.250000,0.251446
16.420115,0.250000,0.251060
16.430075,0.250000,0.250690
16.440115,0.250000,0.250339
16.450130,0.250000,0.250008
16.460411,0.250000,0.249729
16.470132,0.250000,0.249412
16.480090,0.250000,0.249148
16.490170,0.250000,0.248910
16.500106,0.250000,0.248696
16.510267,0.250000,0.248524
16.520129,0.250000,0.248339
16.530158,0.250000,0.248195
16.540124,0.250000,0.248074
16.550120,0.250000,0.247974
16.560968,0.250000,0.247896
16.570762,0.250000,0.247841
16.580176,0.250000,0.247793
16.590272,0.250000,0.247768
16.600244,0.250000,0.247758
16.611525,0.250000,0.247762
16.620138,0.250000,0.247779
16.630357,0.250000,0.247803
16.640324,0.250000,0.247839
16.650103,0.250000,0.247889
16.660268,0.250000,0.247942
16.670163,0.250000,0.248001
16.680270,0.250000,0.248064
16.690145,0.250000,0.248131
16.700121,0.250000,0.248200
16.710242,0.250000,0.248271
16.720123,0.250000,0.248342
16.730316,0.250000,0.248413
16.740133,0.250000,0.248484
16.750150,0.250000,0.248553
16.760337,0.250000,0.248620
16.770133,0.250000,0.248684
16.780472,0.250000,0.248739
16.790563,0.250000,0.248798
16.800577,0.250000,0.248853
16.810679,0.250000,0.248909
16.820355,0.250000,0.248952
16.830176,0.250000,0.248999
16.840112,0.250000,0.249038
16.850349,0.250000,0.249072
16.860374,0.250000,0.249099
16.870495,0.250000,0.249126
16.880243,0.250000,0.249150
16.890094,0.250000,0.249169
16.900078,0.250000,0.249184
16.910109,0.250000,0.249196
16.920072,0.250000,0.249204
16.930348,0.250000,0.249209
16.940171,0.250000,0.249212
16.950122,0.250000,0.249212
16.960116,0.250000,0.249210
16.970080,0.250000,0.249206
16.980117,0.250000,0.249201
16.990079,0.250000,0.249193
17.000207,0.250000,0.249185
17.010115,0.250000,0.249175
17.021079,0.250000,0.249166
17.030364,0.250000,0.249154
17.040102,0.250000,0.249142
17.050199,0.250000,0.249130
17.060570,0.250000,0.249118
17.070135,0.250000,0.249105
17.080124,0.250000,0.249093
17.090165,0.250000,0.249081
17.100366,0.250000,0.249070
17.110204,0.250000,0.249059
17.120899,0.250000,0.249048
17.130576,0.250000,0.249039
17.140291,0.250000,0.249028
17.151005,0.250000,0.249019
17.160255,0.250000,0.249012
17.170358,0.250000,0.249003
17.180242,0.250000,0.248997
17.190124,0.250000,0.248990
17.200128,0.250000,0.248985
17.210408,0.250000,0.248980
17.220233,0.250000,0.248976
17.230172,0.250000,0.248973
17.240119,0.250000,0.248970
17.250133,0.250000,0.248968
17.260115,0.250000,0.248966
17.270302,0.250000,0.248965
17.280244,0.250000,0.248964
17.290100,0.250000,0.248964
17.300075,0.250000,0.248964
17.310239,0.250000,0.248964
17.320128,0.250000,0.248965
17.330123,0.250000,0.248966
17.340084,0.250000,0.248968
17.350329,0.250000,0.248969
17.360246,0.250000,0.248971
17.370075,0.250000,0.248973
17.380140,0.250000,0.248975
17.390077,0.250000,0.248977
17.400306,0.250000,0.248979
17.410115,0.250000,0.248981
17.420121,0.250000,0.248983
17.430065,0.250000,0.248985
17.440283,0.250000,0.248987
17.450271,0.250000,0.248989
17.460037,0.250000,0.248991
17.470119,0.250000,0.248992
17.480334,0.250000,0.248994
17.490103,0.250000,0.248996
17.500293,0.250000,0.248997
17.510174,0.250000,0.248999
17.520117,0.250000,0.249000
17.530072,0.250000,0.249001
17.540237,0.250000,0.249002
17.550093,0.250000,0.249003
17.560139,0.250000,0.249004
17.570080,0.250000,0.249004
17.580078,0.250000,0.249005
17.590090,0.250000,0.249005
17.600048,0.250000,0.249005
17.610077,0.250000,0.249006
17.620108,0.250000,0.249006
17.630090,0.250000,0.249006
17.640094,0.250000,0.249006
17.650185,0.250000,0.249006
17.660392,0.250000,0.249006
17.670243,0.250000,0.249006
17.680078,0.250000,0.249006
17.690138,0.250000,0.249005
17.700032,0.250000,0.249005
17.710074,0.250000,0.249005
17.720082,0.250000,0.249004
17.730172,0.250000,0.249004
17.740215,0.250000,0.249004
17.750207,0.250000,0.249003
17.760085,0.250000,0.249003
17.770444,0.250000,0.249003
17.780085,0.250000,0.249002
17.790195,0.250000,0.249002
17.800948,0.250000,0.249002
17.810084,0.250000,0.249001
17.820075,0.250000,0.249001
17.830075,0.250000,0.249001
17.840355,0.250000,0.249001
17.850082,0.250000,0.249000
17.860121,0.250000,0.249000
17.870124,0.250000,0.249000
17.880116,0.250000,0.249000
17.890361,0.250000,0.249000
17.900081,0.250000,0.249000
17.910039,0.250000,0.248999
17.920125,0.250000,0.248999
17.930204,0.250000,0.248999
17.940086,0.250000,0.248999
17.950053,0.250000,0.248999
17.960093,0.250000,0.248999
17.970173,0.250000,0.248999
17.980328,0.250000,0.248999
17.990094,0.250000,0.248999
18.000158,0.250000,0.248999
18.010089,0.250000,0.248999
18.020111,0.250000,0.248999
18.030086,0.250000,0.248999
18.040073,0.250000,0.248999
18.050059,0.250000,0.248999
18.060166,0.250000,0.248999
18.070163,0.250000,0.248999
18.080133,0.250000,0.248999
18.090181,0.250000,0.248999
18.100075,0.250000,0.248999
18.110072,0.250000,0.249000
18.120116,0.250000,0.249000
18.130166,0.250000,0.249000
18.140073,0.250000,0.249000
18.150108,0.250000,0.249000
18.160204,0.250000,0.249000
18.170080,0.250000,0.249000
18.180073,0.250000,0.249000
18.190094,0.250000,0.249000
18.200178,0.250000,0.249000
18.210074,0.250000,0.249000
18.220073,0.250000,0.249000
18.230075,0.250000,0.249000
18.240073,0.250000,0.249000
18.250239,0.250000,0.249000
18.260383,0.250000,0.249000
18.270722,0.250000,0.249000
18.280336,0.250000,0.249000
18.290156,0.250000,0.249000
18.300130,0.250000,0.249000
18.310074,0.250000,0.249000
18.320130,0.250000,0.249000
18.330102,0.250000,0.249000
18.340157,0.250000,0.249000
18.350081,0.250000,0.249000
18.360073,0.250000,0.249000
18.370075,0.250000,0.249000
18.380078,0.250000,0.249000
18.390079,0.250000,0.249000
18.400181,0.250000,0.249000
18.410132,0.250000,0.249000
18.420233,0.250000,0.249000
18.430084,0.250000,0.249000
18.440093,0.250000,0.249000
18.450107,0.250000,0.249000
18.460076,0.250000,0.249000
18.470072,0.250000,0.249000
18.480077,0.250000,0.249000
18.490071,0.250000,0.249000
18.500292,0.250000,0.249000
18.510079,0.250000,0.249000
18.520093,0.250000,0.249000
18.530076,0.250000,0.249000
18.540037,0.250000,0.249000
18.550076,0.250000,0.249000
18.560096,0.250000,0.249000
18.570054,0.250000,0.249000
18.580113,0.250000,0.249000
18.590074,0.250000,0.249000
18.600140,0.250000,0.249000
18.610279,0.250000,0.249000
18.620102,0.250000,0.249000
18.630153,0.250000,0.249000
18.640081,0.250000,0.249000
18.650128,0.250000,0.249000
18.660159,0.250000,0.249000
18.670073,0.250000,0.249000
18.680230,0.250000,0.249000
18.690108,0.250000,0.249000
18.700103,0.250000,0.249000
18.710093,0.250000,0.249000
18.720073,0.250000,0.249000
18.730071,0.100000,0.249000
18.740179,0.100000,0.248330
18.750257,0.100000,0.246000
18.760458,0.100000,0.243500
18.770172,0.100000,0.241000
18.780075,0.100000,0.238500
18.790589,0.100000,0.236000
18.800172,0.100000,0.233500
18.810078,0.100000,0.231000
18.820661,0.100000,0.228750
18.830465,0.100000,0.226250
18.840105,0.100000,0.223500
18.850074,0.100000,0.221000
18.860121,0.100000,0.218500
18.870117,0.100000,0.216000
18.880269,0.100000,0.213500
18.890206,0.100000,0.211000
18.900247,0.100000,0.208500
18.910160,0.100000,0.206000
18.920178,0.100000,0.203500
18.930082,0.100000,0.201000
18.940034,0.100000,0.198500
18.950109,0.100000,0.196000
18.960036,0.100000,0.193500
18.970045,0.100000,0.191000
18.980020,0.100000,0.188500
18.990468,0.100000,0.186000
19.000246,0.100000,0.183500
19.010155,0.100000,0.181250
19.020716,0.100000,0.178750
19.030077,0.100000,0.176000
19.040080,0.100000,0.173500
19.050077,0.100000,0.171000
19.060133,0.100000,0.168500
19.070079,0.100000,0.166000
19.080086,0.100000,0.163500
19.090080,0.100000,0.161000
19.100301,0.100000,0.158500
19.110077,0.100000,0.156000
19.120087,0.100000,0.153500
19.130087,0.100000,0.151000
19.140079,0.100000,0.148500
19.150022,0.100000,0.146000
19.160077,0.100000,0.143500
19.170087,0.100000,0.141000
19.180119,0.100000,0.138500
19.190176,0.100000,0.136000
19.200089,0.100000,0.133500
19.210213,0.100000,0.131000
19.220073,0.100000,0.128500
19.230163,0.100000,0.126000
19.240076,0.100000,0.123500
19.250109,0.100000,0.121004
19.260185,0.100000,0.118527
19.270161,0.100000,0.116089
19.280079,0.100000,0.113715
19.290084,0.100000,0.111422
19.300086,0.100000,0.109226
19.310069,0.100000,0.107141
19.320019,0.100000,0.105175
19.330090,0.100000,0.103340
19.340079,0.100000,0.101639
19.350171,0.100000,0.100077
19.360072,0.100000,0.098656
19.370143,0.100000,0.097378
19.380075,0.100000,0.096242
19.390244,0.100000,0.095246
19.400230,0.100000,0.094466
19.410491,0.100000,0.093654
19.420280,0.100000,0.093102
19.430124,0.100000,0.092561
19.440085,0.100000,0.092191
19.450088,0.100000,0.091930
19.460238,0.100000,0.091767
19.470180,0.100000,0.091694
19.480074,0.100000,0.091705
19.490223,0.100000,0.091789
19.500223,0.100000,0.091939
19.510090,0.100000,0.092148
19.520073,0.100000,0.092407
19.530309,0.100000,0.092709
19.540288,0.100000,0.093012
19.550468,0.100000,0.093377
19.560071,0.100000,0.093807
19.570222,0.100000,0.094213
19.580031,0.100000,0.094626
19.590086,0.100000,0.095044
19.600131,0.100000,0.095462
19.610080,0.100000,0.095875
19.620140,0.100000,0.096240
19.630043,0.100000,0.096675
19.640080,0.100000,0.097055
19.650075,0.100000,0.097416
19.660075,0.100000,0.097759
19.670072,0.100000,0.098080
19.680238,0.100000,0.098380
19.690185,0.100000,0.098657
19.700211,0.100000,0.098910
19.710112,0.100000,0.099140
19.720073,0.100000,0.099345
19.730212,0.100000,0.099527
19.740111,0.100000,0.099686
19.750344,0.100000,0.099822
19.760093,0.100000,0.099936
19.770072,0.100000,0.100029
19.780083,0.100000,0.100103
19.790075,0.100000,0.100158
19.800068,0.100000,0.100196
19.810162,0.100000,0.100217
19.820290,0.100000,0.100224
19.830073,0.100000,0.100218
19.840075,0.100000,0.100200
19.850072,0.100000,0.100171
19.860679,0.100000,0.100137
19.870104,0.100000,0.100086
19.880082,0.100000,0.100033
19.890176,0.100000,0.099975
19.900292,0.100000,0.099919
19.910020,0.100000,0.099847
19.920085,0.100000,0.099778
19.930181,0.100000,0.099709
19.940073,0.100000,0.099639
19.950074,0.100000,0.099569
19.960074,0.100000,0.099501
19.970085,0.100000,0.099433
19.980111,0.100000,0.099368
19.990080,0.100000,0.099306
20.000261,0.100000,0.099247
20.010074,0.100000,0.099190
20.020605,0.100000,0.099138
20.030081,0.100000,0.099093
20.040079,0.100000,0.099043
20.050090,0.100000,0.099002
20.060099,0.100000,0.098969
20.070147,0.100000,0.098932
20.080073,0.100000,0.098903
20.090211,0.100000,0.098880
20.100073,0.100000,0.098856
20.110098,0.100000,0.098838
20.120075,0.100000,0.098823
20.130083,0.100000,0.098812
20.140073,0.100000,0.098804
20.150162,0.100000,0.098798
20.160350,0.100000,0.098796
20.170483,0.100000,0.098795
20.180235,0.100000,0.098797
20.190213,0.100000,0.098800
20.200145,0.100000,0.098806
20.210813,0.100000,0.098812
20.220082,0.100000,0.098821
20.230473,0.100000,0.098831
20.240079,0.100000,0.098841
20.250088,0.100000,0.098851
20.260077,0.100000,0.098862
20.270081,0.100000,0.098874
20.280115,0.100000,0.098886
20.290166,0.100000,0.098897
20.300174,0.100000,0.098908
20.310546,0.100000,0.098919
20.320216,0.100000,0.098932
20.330071,0.100000,0.098943
20.340076,0.100000,0.098953
20.350043,0.100000,0.098963
20.360094,0.100000,0.098972
20.370074,0.100000,0.098980
20.380079,0.100000,0.098988
20.390310,0.100000,0.098996
20.400117,0.100000,0.099002
20.410077,0.100000,0.099008
20.420421,0.100000,0.099014
20.430112,0.100000,0.099018
20.440179,0.100000,0.099022
20.450079,0.100000,0.099026
20.460073,0.100000,0.099028
20.470073,0.100000,0.099031
20.480146,0.100000,0.099032
20.490077,0.100000,0.099034
20.500074,0.100000,0.099034
20.510077,0.100000,0.099035
20.520084,0.100000,0.099034
20.530084,0.100000,0.099034
20.540086,0.100000,0.099033
20.550208,0.100000,0.099032
20.560107,0.100000,0.099031
20.570645,0.100000,0.099030
20.580496,0.100000,0.099028
20.590267,0.100000,0.099026
20.600098,0.100000,0.099024
20.610886,0.100000,0.099022
20.620276,0.100000,0.099021
20.630152,0.100000,0.099018
20.640184,0.100000,0.099016
20.650113,0.100000,0.099014
20.660137,0.100000,0.099013
20.670073,0.100000,0.099011
20.680171,0.100000,0.099009
20.690128,0.100000,0.099007
20.700353,0.100000,0.099006
20.710074,0.100000,0.099004
20.720075,0.100000,0.099003
20.730302,0.100000,0.099001
20.740618,0.100000,0.099000
20.750079,0.100000,0.098999
20.760355,0.100000,0.098998
20.770105,0.100000,0.098997
20.780221,0.100000,0.098997
20.790149,0.100000,0.098996
20.800148,0.100000,0.098995
20.810082,0.100000,0.098995
20.820083,0.100000,0.098995
20.830073,0.100000,0.098994
20.840100,0.100000,0.098994
20.850263,0.100000,0.098994
20.860120,0.100000,0.098994
20.870076,0.100000,0.098994
20.880177,0.100000,0.098994
20.890142,0.100000,0.098994
20.900034,0.100000,0.098995
20.910136,0.100000,0.098995
20.920137,0.100000,0.098995
20.930340,0.100000,0.098995
20.940551,0.100000,0.098996
20.950205,0.100000,0.098996
20.960431,0.100000,0.098996
20.970378,0.100000,0.098997
20.980144,0.100000,0.098997
20.990085,0.100000,0.098997
21.000086,0.100000,0.098998
21.010077,0.100000,0.098998
21.020138,0.100000,0.098998
21.030071,0.100000,0.098999
21.040068,0.100000,0.098999
21.050118,0.100000,0.098999
21.060297,0.100000,0.098999
21.070180,0.100000,0.099000
21.080102,0.100000,0.099000
21.090085,0.100000,0.099000
21.100074,0.100000,0.099000
21.110077,0.100000,0.099000
21.120840,0.100000,0.099000
21.130263,0.100000,0.099001
21.140102,0.100000,0.099001
21.150313,0.100000,0.099001
21.160176,0.100000,0.099001
21.170076,0.100000,0.099001
21.180136,0.100000,0.099001
21.190076,0.100000,0.099001
21.200074,0.100000,0.099001
21.210074,0.100000,0.099001
21.220135,0.100000,0.099001
21.230044,0.100000,0.099001
21.240077,0.100000,0.099001
21.250063,0.100000,0.099001
21.260248,0.100000,0.099001
21.270033,0.100000,0.099001
21.280243,0.100000,0.099001
21.290232,0.100000,0.099001
21.300075,0.100000,0.099001
21.310197,0.100000,0.099001
21.320078,0.100000,0.099001
21.330258,0.100000,0.099000
21.340074,0.100000,0.099000
21.350075,0.100000,0.099000
21.360080,0.100000,0.099000
21.370079,0.100000,0.099000
21.380449,0.100000,0.099000
21.390086,0.100000,0.099000
21.400088,0.100000,0.099000
21.410073,0.100000,0.099000
21.420122,0.100000,0.099000
21.430251,0.100000,0.099000
21.440505,0.100000,0.099000
21.450872,0.100000,0.099000
21.460142,0.100000,0.099000
21.470119,0.100000,0.099000
21.480236,0.100000,0.099000
21.490236,0.100000,0.099000
21.500170,0.100000,0.099000
21.510077,0.100000,0.099000
21.520137,0.000000,0.099000
21.530293,0.000000,0.098454
21.540141,0.000000,0.096952
21.550157,0.000000,0.094633
21.560306,0.000000,0.092133
21.570250,0.000000,0.089633
21.580078,0.000000,0.087133
21.590072,0.000000,0.084633
21.600245,0.000000,0.082383
21.610134,0.000000,0.079633
21.620259,0.000000,0.077133
21.630173,0.000000,0.074633
21.640602,0.000000,0.072383
21.650375,0.000000,0.069883
21.660304,0.000000,0.067383
21.670089,0.000000,0.064633
21.680071,0.000000,0.062133
21.690248,0.000000,0.059883
21.700388,0.000000,0.057883
21.710144,0.000000,0.054633
21.720083,0.000000,0.052133
21.730069,0.000000,0.049633
21.740091,0.000000,0.047133
21.750113,0.000000,0.044633
21.760313,0.000000,0.042133
21.770196,0.000000,0.039633
21.780437,0.000000,0.037133
21.790131,0.000000,0.034633
21.800499,0.000000,0.032133
21.810306,0.000000,0.029883
21.820084,0.000000,0.027383
21.830161,0.000000,0.024633
21.840100,0.000000,0.022138
21.850127,0.000000,0.019660
21.860136,0.000000,0.017211
21.870142,0.000000,0.014815
21.880106,0.000000,0.012491
21.890037,0.000000,0.010255
21.900081,0.000000,0.008123
21.910072,0.000000,0.006107
21.920082,0.000000,0.004214
21.930141,0.000000,0.002453
21.940109,0.000000,0.000829
21.950123,0.000000,0.000007
21.960049,0.000000,0.000070
21.970381,0.000000,0.000148
21.980352,0.000000,0.000209
21.990085,0.000000,0.000251
22.001335,0.000000,0.000276
22.010083,0.000000,0.000285
22.020085,0.000000,0.000280
22.030116,0.000000,0.000262
22.040102,0.000000,0.000233
22.050268,0.000000,0.000199
22.060099,0.000000,0.000147
22.070072,0.000000,0.000092
22.080081,0.000000,0.000032
22.090081,0.000000,-0.000000
22.100036,0.000000,-0.000000
22.110147,0.000000,-0.000000
22.120225,0.000000,-0.000000
22.130101,0.000000,-0.000000
22.140085,0.000000,-0.000000
22.150086,0.000000,-0.000000
22.160073,0.000000,-0.000000
22.170079,0.000000,-0.000000
22.180083,0.000000,-0.000000
22.190078,0.000000,-0.000000
22.200027,0.000000,-0.000000
22.210074,0.000000,-0.000000
22.220300,0.000000,-0.000000
22.230078,0.000000,-0.000000
22.240157,0.000000,-0.000000
22.250096,0.000000,-0.000000
22.260050,0.000000,-0.000000
22.270291,0.000000,-0.000000
22.280232,0.000000,-0.000000
22.290184,0.000000,-0.000000
22.300281,0.000000,-0.000000
22.310172,0.000000,-0.000000
22.320086,0.000000,-0.000000
22.330096,0.000000,-0.000000
22.340178,0.000000,-0.000000
22.350249,0.000000,-0.000000
22.360076,0.000000,-0.000000
22.370085,0.000000,-0.000000
22.380132,0.000000,-0.000000
22.390080,0.000000,-0.000000
22.400108,0.000000,-0.000000
22.410246,0.000000,-0.000000
22.420074,0.000000,-0.000000
22.430235,0.000000,-0.000000
22.440164,0.000000,-0.000000
22.450096,0.000000,-0.000000
22.460086,0.000000,-0.000000
22.470096,0.000000,-0.000000
22.480346,0.000000,-0.000000
22.490096,0.000000,-0.000000
22.500117,0.000000,-0.000000
22.510058,0.000000,-0.000000
22.520152,0.000000,-0.000000
22.530311,0.000000,-0.000000
22.540164,0.000000,-0.000000
22.550038,0.000000,-0.000000
22.560094,0.000000,-0.000000
22.570140,0.000000,-0.000000
22.580515,0.000000,-0.000000
22.590318,0.000000,-0.000000
22.600634,0.000000,-0.000000
22.610039,0.000000,-0.000000
22.620423,0.000000,-0.000000
22.630186,0.000000,-0.000000
22.640501,0.000000,-0.000000
22.650085,0.000000,-0.000000
22.660077,0.000000,-0.000000
22.670258,0.000000,-0.000000
22.680145,0.000000,-0.000000
22.690103,0.000000,-0.000000
22.700080,0.000000,-0.000000
22.710085,0.000000,-0.000000
22.720066,0.000000,-0.000000
22.730075,0.000000,-0.000000
22.740037,0.000000,-0.000000
22.750172,0.000000,-0.000000
22.760074,0.000000,-0.000000
22.770065,0.000000,-0.000000
22.780125,0.000000,-0.000000
22.790032,0.000000,-0.000000
22.800306,0.000000,-0.000000
22.810075,0.000000,-0.000000
22.820070,0.000000,-0.000000
22.830079,0.000000,-0.000000
22.840077,0.000000,-0.000000
22.850138,0.000000,-0.000000
22.860075,0.000000,-0.000000
22.870080,0.000000,-0.000000
22.880099,0.000000,-0.000000
22.890105,0.000000,-0.000000
22.900076,0.000000,-0.000000
22.910130,0.000000,-0.000000
22.920422,0.000000,-0.000000
22.930024,0.000000,-0.000000
22.940215,0.000000,-0.000000
22.950043,0.000000,-0.000000
22.960074,0.000000,-0.000000
22.970089,0.000000,-0.000000
22.980094,0.000000,-0.000000
22.990166,0.000000,-0.000000
23.000152,0.000000,-0.000000
23.010110,0.000000,-0.000000
23.020122,0.000000,-0.000000
23.030132,0.000000,-0.000000
23.040070,0.000000,-0.000000
23.050082,0.000000,-0.000000
23.060452,0.000000,-0.000000
23.070198,0.000000,-0.000000
23.080155,0.000000,-0.000000
23.090041,0.000000,-0.000000
23.100104,0.000000,-0.000000
23.110171,0.000000,-0.000000
23.120141,0.000000,-0.000000
23.130152,0.000000,-0.000000
23.140113,0.000000,-0.000000
23.150092,0.000000,-0.000000
23.160071,0.000000,-0.000000
23.170073,0.000000,-0.000000
23.180086,0.000000,-0.000000
23.190082,0.000000,-0.000000
23.200079,0.000000,-0.000000
23.210153,0.000000,-0.000000
23.220263,0.000000,-0.000000
23.230246,0.000000,-0.000000
23.240202,0.000000,-0.000000
23.250082,0.000000,-0.000000
23.260104,0.000000,-0.000000
23.270113,0.000000,-0.000000
23.280075,0.000000,-0.000000
23.290241,0.000000,-0.000000
23.300156,0.000000,-0.000000
23.310257,0.000000,-0.000000
23.320105,0.000000,-0.000000
23.330092,0.000000,-0.000000
23.340093,0.000000,-0.000000
23.350175,0.000000,-0.000000
23.360100,0.000000,-0.000000
23.370101,0.000000,-0.000000
23.380021,0.000000,-0.000000
23.390509,0.000000,-0.000000
23.400367,0.000000,-0.000000
23.410221,0.000000,-0.000000
23.420413,0.000000,-0.000000
23.430303,0.000000,-0.000000
23.440068,0.000000,-0.000000
23.450421,0.000000,-0.000000
23.460245,0.000000,-0.000000
23.470181,0.000000,-0.000000
23.480261,0.000000,-0.000000
23.490184,0.000000,-0.000000
23.500206,0.000000,-0.000000
23.510057,0.000000,-0.000000
23.520078,0.000000,-0.000000
23.530059,0.000000,-0.000000
23.540528,0.000000,-0.000000
23.550227,0.000000,-0.000000
23.560210,0.000000,-0.000000
23.570073,0.000000,-0.000000
23.580095,0.000000,-0.000000
23.590123,0.000000,-0.000000
23.600083,0.000000,-0.000000
23.610081,0.000000,-0.000000
23.620382,0.000000,-0.000000
23.630054,0.000000,-0.000000
23.640037,0.000000,-0.000000
23.650316,0.000000,-0.000000
23.660067,0.000000,-0.000000
23.670132,0.000000,-0.000000
23.680420,0.000000,-0.000000
23.690165,0.000000,-0.000000
23.700195,0.000000,-0.000000
23.710205,0.000000,-0.000000
23.720075,0.000000,-0.000000
23.730072,0.000000,-0.000000
23.740075,0.000000,-0.000000
23.750077,0.000000,-0.000000
23.760351,0.000000,-0.000000
23.770084,0.000000,-0.000000
23.780117,0.000000,-0.000000
23.790282,0.000000,-0.000000
23.800217,0.000000,-0.000000
23.810123,0.000000,-0.000000
23.820143,0.000000,-0.000000
23.830323,0.000000,-0.000000
23.840356,0.000000,-0.000000
23.850365,0.000000,-0.000000
23.861179,0.000000,-0.000000
23.870334,0.000000,-0.000000
23.880186,0.000000,-0.000000
23.890183,0.000000,-0.000000
23.900292,0.000000,-0.000000
23.910230,0.000000,-0.000000
23.920158,0.000000,-0.000000
23.930104,0.000000,-0.000000
23.940075,0.000000,-0.000000
23.950104,0.000000,-0.000000
23.960175,0.000000,-0.000000
23.970184,0.000000,-0.000000
23.980084,0.000000,-0.000000
23.990163,0.000000,-0.000000
24.000048,0.000000,-0.000000
24.010778,0.000000,-0.000000
24.020209,0.000000,-0.000000
24.030075,0.000000,-0.000000
24.040077,0.000000,-0.000000
24.050217,0.000000,-0.000000
24.060097,0.000000,-0.000000
24.070284,0.000000,-0.000000
24.080338,0.000000,-0.000000
24.090079,0.000000,-0.000000
24.100126,0.000000,-0.000000
24.110063,0.000000,-0.000000
24.120143,0.000000,-0.000000
24.130084,0.000000,-0.000000
24.140150,0.000000,-0.000000
24.150082,0.000000,-0.000000
24.160130,0.000000,-0.000000
24.170074,0.000000,-0.000000
24.180063,0.000000,-0.000000
24.190157,0.000000,-0.000000
24.200081,0.000000,-0.000000
24.210078,0.000000,-0.000000
24.220079,0.000000,-0.000000
24.230081,0.000000,-0.000000
24.240074,0.000000,-0.000000
24.250072,0.000000,-0.000000
24.260141,0.000000,-0.000000
24.270080,0.000000,-0.000000
24.280077,0.000000,-0.000000
24.290135,0.000000,-0.000000
24.300078,0.000000,-0.000000
24.310120,0.000000,-0.000000
24.320234,0.000000,-0.000000
24.330079,0.000000,-0.000000
24.340095,0.000000,-0.000000
24.350033,0.000000,-0.000000
24.360077,0.000000,-0.000000
24.370086,0.000000,-0.000000
24.380239,0.000000,-0.000000
24.390077,0.000000,-0.000000
24.400204,0.000000,-0.000000
24.410075,0.000000,-0.000000
24.420059,0.000000,-0.000000
24.431320,0.000000,-0.000000
24.440160,0.000000,-0.000000
24.450078,0.000000,-0.000000
24.460222,0.000000,-0.000000
24.470119,0.000000,-0.000000
24.480068,0.000000,-0.000000
24.490074,0.000000,-0.000000
24.500074,0.000000,-0.000000
24.510099,0.000000,-0.000000
24.520078,0.000000,-0.000000
24.530026,0.000000,-0.000000
24.540073,0.000000,-0.000000
24.550086,0.000000,-0.000000
24.560118,0.000000,-0.000000
24.570138,0.000000,-0.000000
24.580227,0.000000,-0.000000
24.590198,0.000000,-0.000000
24.600224,0.000000,-0.000000
24.610096,0.000000,-0.000000
24.620082,0.000000,-0.000000
24.630337,0.000000,-0.000000
24.640072,0.000000,-0.000000
24.650080,0.000000,-0.000000
24.660167,0.000000,-0.000000
24.670087,0.000000,-0.000000
24.680074,0.000000,-0.000000
24.690093,0.000000,-0.000000
24.700206,0.000000,-0.000000
24.710075,0.000000,-0.000000
24.720171,0.000000,-0.000000
24.730435,0.000000,-0.000000
24.740224,0.000000,-0.000000
24.750096,0.000000,-0.000000
24.760072,0.000000,-0.000000
24.770230,0.000000,-0.000000
24.780156,0.000000,-0.000000
24.790081,0.000000,-0.000000
24.800251,0.000000,-0.000000
24.810079,0.000000,-0.000000
24.820067,0.000000,-0.000000
24.830160,0.000000,-0.000000
24.840076,0.000000,-0.000000
24.850075,0.000000,-0.000000
24.860097,0.000000,-0.000000
24.870070,0.000000,-0.000000
24.880219,0.000000,-0.000000
24.890022,0.000000,-0.000000
24.900077,0.000000,-0.000000
24.910091,0.000000,-0.000000
24.920079,0.000000,-0.000000
24.930021,0.000000,-0.000000
24.940073,0.000000,-0.000000
24.950076,0.000000,-0.000000
24.960068,0.000000,-0.000000
24.970109,0.000000,-0.000000
24.980076,0.250000,-0.000000
24.990019,0.250000,0.001359
25.000074,0.250000,0.003859
25.010187,0.250000,0.006359
25.020233,0.250000,0.008859
25.030307,0.250000,0.011359
25.040336,0.250000,0.013859
25.050132,0.250000,0.016359
25.060098,0.250000,0.018859
25.070078,0.250000,0.021359
25.080394,0.250000,0.023859
25.090094,0.250000,0.026359
25.100074,0.250000,0.028859
25.110082,0.250000,0.031359
25.120145,0.250000,0.033859
25.130059,0.250000,0.036359
25.140233,0.250000,0.038859
25.150074,0.250000,0.041359
25.160086,0.250000,0.043859
25.170074,0.250000,0.046359
25.180080,0.250000,0.048859
25.190072,0.250000,0.051359
25.200085,0.250000,0.053859
25.210277,0.250000,0.056109
25.220113,0.250000,0.058609
25.230076,0.250000,0.061359
25.240070,0.250000,0.063859
25.250199,0.250000,0.066359
25.260108,0.250000,0.068859
25.270140,0.250000,0.071359
25.280200,0.250000,0.073859
25.290091,0.250000,0.076359
25.300215,0.250000,0.078859
25.310077,0.250000,0.081359
25.320065,0.250000,0.083859
25.330118,0.250000,0.086359
25.340152,0.250000,0.088859
25.350090,0.250000,0.091359
25.360533,0.250000,0.093609
25.370759,0.250000,0.096109
25.380155,0.250000,0.098859
25.390064,0.250000,0.101359
25.400110,0.250000,0.103609
25.410226,0.250000,0.106109
25.420323,0.250000,0.108609
25.430209,0.250000,0.111109
25.440145,0.250000,0.113859
25.450074,0.250000,0.116359
25.460084,0.250000,0.118859
25.470087,0.250000,0.121359
25.480075,0.250000,0.123859
25.490126,0.250000,0.126359
25.500073,0.250000,0.128859
25.510076,0.250000,0.131109
25.520235,0.250000,0.133859
25.530396,0.250000,0.136109
25.540103,0.250000,0.138859
25.550078,0.250000,0.141359
25.560127,0.250000,0.143859
25.570160,0.250000,0.146359
25.580236,0.250000,0.148859
25.590178,0.250000,0.151359
25.600320,0.250000,0.153859
25.610153,0.250000,0.156359
25.620125,0.250000,0.158859
25.630457,0.250000,0.161359
25.640139,0.250000,0.163609
25.650140,0.250000,0.166109
25.660426,0.250000,0.168609
25.670354,0.250000,0.171359
25.680074,0.250000,0.173859
25.690079,0.250000,0.176359
25.700158,0.250000,0.178859
25.710050,0.250000,0.181359
25.720338,0.250000,0.183609
25.730943,0.250000,0.186359
25.740476,0.250000,0.188859
25.750088,0.250000,0.191359
25.760034,0.250000,0.193859
25.770081,0.250000,0.196359
25.780040,0.250000,0.198859
25.790106,0.250000,0.201359
25.800202,0.250000,0.203859
25.810022,0.250000,0.206359
25.820087,0.250000,0.208859
25.830252,0.250000,0.211109
25.840095,0.250000,0.213859
25.850477,0.250000,0.216359
25.860297,0.250000,0.218859
25.870442,0.250000,0.221109
25.881006,0.250000,0.223609
25.890129,0.250000,0.226359
25.900070,0.250000,0.228580
25.910075,0.250000,0.231247
25.920079,0.250000,0.233614
25.930049,0.250000,0.235899
25.940071,0.250000,0.238096
25.950366,0.250000,0.240191
25.960126,0.250000,0.242174
25.970076,0.250000,0.244034
25.980122,0.250000,0.245761
25.990142,0.250000,0.247352
26.000236,0.250000,0.248804
26.010100,0.250000,0.250118
26.020097,0.250000,0.251290
26.030154,0.250000,0.252324
26.040233,0.250000,0.253222
26.050090,0.250000,0.253989
26.060405,0.250000,0.254630
26.070652,0.250000,0.255102
26.080845,0.250000,0.255521
26.090201,0.250000,0.255860
26.100074,0.250000,0.256061
26.110375,0.250000,0.256166
26.120032,0.250000,0.256187
26.130443,0.250000,0.256132
26.140136,0.250000,0.256024
26.150202,0.250000,0.255845
26.160123,0.250000,0.255611
26.170453,0.250000,0.255331
26.180891,0.250000,0.254978
26.190031,0.250000,0.254623
26.200152,0.250000,0.254248
26.210077,0.250000,0.253856
26.220071,0.250000,0.253452
26.230110,0.250000,0.253042
26.240172,0.250000,0.252672
26.250102,0.250000,0.252220
26.260082,0.250000,0.251817
26.270036,0.250000,0.251425
26.280024,0.250000,0.251048
26.290083,0.250000,0.250721
26.300072,0.250000,0.250340
26.310123,0.250000,0.250015
26.320180,0.250000,0.249712
26.330082,0.250000,0.249431
26.340074,0.250000,0.249174
26.350386,0.250000,0.248940
26.360124,0.250000,0.248729
26.370076,0.250000,0.248542
26.380220,0.250000,0.248378
26.390246,0.250000,0.248236
26.400075,0.250000,0.248116
26.410073,0.250000,0.248017
26.420140,0.250000,0.247938
26.430084,0.250000,0.247877
26.440075,0.250000,0.247834
26.450074,0.250000,0.247808
26.460073,0.250000,0.247796
26.470119,0.250000,0.247797
26.480732,0.250000,0.247809
26.490109,0.250000,0.247836
26.500134,0.250000,0.247867
26.510077,0.250000,0.247914
26.520086,0.250000,0.247964
26.530094,0.250000,0.248019
26.540173,0.250000,0.248079
26.550076,0.250000,0.248143
26.560071,0.250000,0.248209
26.570170,0.250000,0.248277
26.580565,0.250000,0.248339
26.590176,0.250000,0.248408
26.600070,0.250000,0.248477
26.610232,0.250000,0.248544
26.620078,0.250000,0.248617
26.630144,0.250000,0.248679
26.640120,0.250000,0.248739
26.650546,0.250000,0.248795
26.660075,0.250000,0.248848
26.670086,0.250000,0.248898
26.680665,0.250000,0.248944
26.690206,0.250000,0.248985
26.700128,0.250000,0.249023
26.710079,0.250000,0.249057
26.720186,0.250000,0.249087
26.730104,0.250000,0.249113
26.740083,0.250000,0.249135
26.750073,0.250000,0.249154
26.760074,0.250000,0.249169
26.770508,0.250000,0.249182
26.780083,0.250000,0.249191
26.790121,0.250000,0.249197
26.800077,0.250000,0.249200
26.810234,0.250000,0.249202
26.820357,0.250000,0.249200
26.830115,0.250000,0.249197
26.840289,0.250000,0.249193
26.850188,0.250000,0.249186
26.860126,0.250000,0.249179
26.870244,0.250000,0.249171
26.880561,0.250000,0.249161
26.890875,0.250000,0.249150
26.900182,0.250000,0.249139
26.910265,0.250000,0.249128
26.920074,0.250000,0.249116
26.930229,0.250000,0.249105
26.940264,0.250000,0.249093
26.950187,0.250000,0.249083
26.960270,0.250000,0.249072
26.970103,0.250000,0.249061
26.980087,0.250000,0.249050
26.990080,0.250000,0.249040
27.000115,0.250000,0.249031
27.010182,0.250000,0.249022
27.020453,0.250000,0.249015
27.031060,0.250000,0.249007
27.040077,0.250000,0.249000
27.050264,0.250000,0.248993
27.060040,0.250000,0.248988
27.070073,0.250000,0.248983
27.080177,0.250000,0.248979
27.090074,0.250000,0.248976
27.100090,0.250000,0.248973
27.110155,0.250000,0.248971
27.120211,0.250000,0.248969
27.130768,0.250000,0.248967
27.140652,0.250000,0.248967
27.150074,0.250000,0.248966
27.160119,0.250000,0.248966
27.170204,0.250000,0.248966
27.180243,0.250000,0.248967
27.190105,0.250000,0.248968
27.200073,0.250000,0.248969
27.210077,0.250000,0.248971
27.220078,0.250000,0.248972
27.230082,0.250000,0.248974
27.240079,0.250000,0.248976
27.250114,0.250000,0.248977
27.260510,0.250000,0.248979
27.270299,0.250000,0.248981
27.280074,0.250000,0.248983
27.290172,0.250000,0.248985
27.300072,0.250000,0.248987
27.310071,0.250000,0.248989
27.320078,0.250000,0.248991
27.330150,0.250000,0.248992
27.340121,0.250000,0.248994
27.350373,0.250000,0.248995
27.360124,0.250000,0.248997
27.370058,0.250000,0.248998
27.380093,0.250000,0.248999
27.390135,0.250000,0.249000
27.400095,0.250000,0.249001
27.410099,0.250000,0.249002
27.420078,0.250000,0.249003
27.430075,0.250000,0.249004
27.440208,0.250000,0.249004
27.450340,0.250000,0.249005
27.460239,0.250000,0.249005
27.470076,0.250000,0.249005
27.480031,0.250000,0.249006
27.491129,0.250000,0.249006
27.500413,0.250000,0.249006
27.510284,0.250000,0.249006
27.520070,0.250000,0.249006
27.530258,0.250000,0.249005
27.540079,0.250000,0.249005
27.550103,0.250000,0.249005
27.560299,0.250000,0.249005
27.570358,0.250000,0.249005
27.580146,0.250000,0.249004
27.590037,0.250000,0.249004
27.600152,0.250000,0.249004
27.610075,0.250000,0.249003
27.620076,0.250000,0.249003
27.630262,0.250000,0.249003
27.640050,0.250000,0.249002
27.650486,0.250000,0.249002
27.660141,0.250000,0.249002
27.670091,0.250000,0.249001
27.680642,0.250000,0.249001
27.690302,0.250000,0.249001
27.700075,0.250000,0.249001
27.710072,0.250000,0.249000
27.720215,0.250000,0.249000
27.730167,0.250000,0.249000
27.740117,0.250000,0.249000
27.750103,0.250000,0.249000
27.760032,0.250000,0.249000
27.770588,0.250000,0.248999
27.780178,0.250000,0.248999
27.790277,0.250000,0.248999
27.800078,0.250000,0.248999
27.810071,0.250000,0.248999
27.820076,0.250000,0.248999
27.830084,0.250000,0.248999
27.840085,0.250000,0.248999
27.850107,0.250000,0.248999
27.860074,0.250000,0.248999
27.870076,0.250000,0.248999
27.880259,0.250000,0.248999
27.890082,0.250000,0.248999
27.900071,0.250000,0.248999
27.910106,0.250000,0.248999
27.920081,0.250000,0.248999
27.930075,0.250000,0.248999
27.940082,0.250000,0.248999
27.950081,0.250000,0.248999
27.960128,0.250000,0.248999
27.970085,0.250000,0.249000
27.980080,0.250000,0.249000
27.990092,0.250000,0.249000
28.000116,0.250000,0.249000
28.010124,0.250000,0.249000
28.020409,0.250000,0.249000
28.030072,0.250000,0.249000
28.040080,0.250000,0.249000
28.050150,0.250000,0.249000
28.060125,0.250000,0.249000
28.070129,0.250000,0.249000
28.080205,0.250000,0.249000
28.090147,0.250000,0.249000
28.100159,0.250000,0.249000
28.110084,0.250000,0.249000
28.120187,0.250000,0.249000
28.130231,0.250000,0.249000
28.140306,0.250000,0.249000
28.150080,0.250000,0.249000
28.160072,0.250000,0.249000
28.170084,0.250000,0.249000
28.180121,0.250000,0.249000
28.190172,0.250000,0.249000
28.200085,0.250000,0.249000
28.210074,0.250000,0.249000
28.220446,0.250000,0.249000
28.230133,0.250000,0.249000
28.240101,0.250000,0.249000
28.250076,0.250000,0.249000
28.260127,0.250000,0.249000
28.270040,0.250000,0.249000
28.280276,0.250000,0.249000
28.290076,0.250000,0.249000
28.300075,0.250000,0.249000
28.310077,0.250000,0.249000
28.320085,0.250000,0.249000
28.330070,0.250000,0.249000
28.340202,0.250000,0.249000
28.350044,0.250000,0.249000
28.360145,0.250000,0.249000
28.370074,0.250000,0.249000
28.380181,0.250000,0.249000
28.390137,0.250000,0.249000
28.400102,0.250000,0.249000
28.410078,0.250000,0.249000
28.420083,0.250000,0.249000
28.430091,0.250000,0.249000
28.440076,0.250000,0.249000
28.450077,0.250000,0.249000
28.460099,0.250000,0.249000
28.470224,0.250000,0.249000
28.480041,0.250000,0.249000
28.490089,0.250000,0.249000
28.500078,0.250000,0.249000
28.510094,0.250000,0.249000
28.520460,0.250000,0.249000
28.530074,0.250000,0.249000
28.540081,0.250000,0.249000
28.550123,0.250000,0.249000
28.560108,0.250000,0.249000
28.570075,0.250000,0.249000
28.580157,0.250000,0.249000
28.590312,0.250000,0.249000
28.600064,0.250000,0.249000
28.610087,0.250000,0.249000
28.620126,0.250000,0.249000
28.630106,0.250000,0.249000
28.640101,0.250000,0.249000
28.650207,0.250000,0.249000
28.660087,0.250000,0.249000
28.670250,0.250000,0.249000
28.680078,0.250000,0.249000
28.690080,0.250000,0.249000
28.700081,0.250000,0.249000
28.710079,0.250000,0.249000
28.720073,0.250000,0.249000
28.730079,0.250000,0.249000
28.740073,0.250000,0.249000
28.750121,0.250000,0.249000
28.760056,0.250000,0.249000
28.770233,0.250000,0.249000
28.780083,0.250000,0.249000
28.790081,0.250000,0.249000
28.800031,0.250000,0.249000
28.810126,0.250000,0.249000
28.820080,0.250000,0.249000
28.830059,0.250000,0.249000
28.840152,0.250000,0.249000
28.850129,0.250000,0.249000
28.860088,0.250000,0.249000
28.870358,0.250000,0.249000
28.880074,0.250000,0.249000
28.890082,0.250000,0.249000
28.900073,0.250000,0.249000
28.910077,0.250000,0.249000
28.920073,0.250000,0.249000
28.930086,0.250000,0.249000
28.940074,0.250000,0.249000
28.950131,0.250000,0.249000
28.960070,0.250000,0.249000
28.970083,0.250000,0.249000
28.980244,0.250000,0.249000
28.990097,0.250000,0.249000
29.000155,0.250000,0.249000
29.010073,0.250000,0.249000
29.020139,0.250000,0.249000
29.030142,0.250000,0.249000
29.040082,0.250000,0.249000
29.050080,0.250000,0.249000
29.060372,0.250000,0.249000
29.070075,0.250000,0.249000
29.080076,0.250000,0.249000
29.090126,0.250000,0.249000
29.100275,0.250000,0.249000
29.110035,0.250000,0.249000
29.120165,0.250000,0.249000
29.130271,0.250000,0.249000
29.140294,0.250000,0.249000
29.150187,0.250000,0.249000
29.160301,0.250000,0.249000
29.170376,0.250000,0.249000
29.180082,0.250000,0.249000
29.190127,0.250000,0.249000
29.200080,0.250000,0.249000
29.210130,0.250000,0.249000
29.220177,0.250000,0.249000
29.230082,0.250000,0.249000
29.240065,0.250000,0.249000
29.250125,0.250000,0.249000
29.260082,0.250000,0.249000
29.270123,0.250000,0.249000
29.280072,0.250000,0.249000
29.290077,0.250000,0.249000
29.300176,0.250000,0.249000
29.310094,0.250000,0.249000
29.320205,0.250000,0.249000
29.330265,0.250000,0.249000
29.340135,0.250000,0.249000
